id,size,set_a,set_b,overlap_fraction,answer
0,128,"[379, 50, 450, 411, 315, 287, 460, 374, 350, 477, 360, 142, 255, 444, 296, 158, 347, 307, 230, 9, 256, 31, 370, 2, 106, 116, 385, 510, 137, 261, 308, 448, 313, 415, 147, 118, 241, 473, 57, 6, 79, 286, 209, 404, 323, 318, 240, 13, 445, 292, 89, 186, 273, 373, 154, 322, 208, 15, 257, 472, 143, 319, 133, 126, 354, 409, 103, 135, 421, 231, 495, 482, 44, 247, 400, 408, 423, 168, 224, 38, 474, 18, 176, 301, 64, 95, 340, 202, 349, 389, 132, 201, 120, 263, 248, 184, 291, 80, 75, 410, 167, 110, 72, 73, 293, 65, 384, 341, 43, 337, 312, 113, 213, 462, 109, 259, 53, 432, 8, 467, 447, 90, 504, 458, 134, 416, 316, 508]","[199, 210, 91, 245, 110, 54, 79, 297, 410, 174, 185, 186, 115, 440, 94, 204, 506, 363, 1, 218, 173, 32, 298, 72, 151, 73, 88, 103, 216, 221, 76, 18, 98, 200, 240, 102, 458, 166, 279, 315, 494, 260, 193, 33, 74, 178, 387, 286, 121, 449, 226, 262, 113, 234, 376, 328, 275, 248, 492, 68, 207, 386, 69, 337, 390, 6, 316, 35, 232, 2, 47, 60, 217, 215, 509, 468, 8, 120, 354, 294, 393, 303, 402, 50, 156, 411, 129, 447, 438, 388, 52, 352, 484, 346, 290, 415, 237, 493, 344, 349, 241, 353, 95, 25, 336, 27, 209, 161, 250, 165, 96, 332, 135, 108, 143, 49, 426, 181, 231, 416, 361, 163, 464, 57, 461, 119, 111, 44]",0.275,"[2, 6, 8, 18, 44, 50, 57, 72, 73, 79, 95, 103, 110, 113, 120, 135, 143, 186, 209, 231, 240, 241, 248, 286, 315, 316, 337, 349, 354, 410, 411, 415, 416, 447, 458]"
1,128,"[466, 436, 95, 76, 506, 410, 164, 326, 172, 75, 120, 77, 228, 446, 510, 357, 186, 310, 374, 254, 386, 387, 451, 364, 354, 185, 207, 275, 257, 343, 39, 398, 100, 455, 49, 248, 487, 429, 453, 349, 116, 107, 138, 65, 63, 457, 141, 108, 340, 413, 183, 360, 99, 111, 200, 331, 103, 315, 483, 134, 296, 24, 55, 236, 294, 396, 28, 262, 481, 170, 508, 180, 238, 504, 59, 249, 330, 97, 208, 82, 336, 290, 305, 110, 223, 274, 293, 316, 415, 72, 175, 171, 31, 432, 421, 215, 427, 491, 237, 166, 403, 90, 158, 137, 418, 440, 211, 217, 189, 126, 454, 480, 459, 259, 209, 62, 169, 321, 267, 355, 346, 266, 317, 507, 358, 177, 218, 260]","[14, 484, 78, 16, 317, 231, 226, 144, 218, 164, 281, 59, 469, 416, 402, 274, 337, 440, 100, 311, 374, 162, 112, 103, 489, 129, 300, 376, 444, 180, 95, 259, 386, 288, 45, 490, 26, 159, 81, 458, 260, 28, 330, 36, 110, 205, 342, 73, 194, 118, 133, 139, 0, 143, 253, 71, 421, 394, 182, 183, 464, 188, 327, 343, 359, 82, 63, 111, 50, 202, 474, 153, 367, 255, 11, 86, 481, 352, 498, 60, 292, 443, 349, 107, 346, 366, 358, 433, 297, 32, 478, 76, 21, 248, 298, 262, 373, 250, 393, 392, 169, 318, 128, 371, 441, 409, 52, 457, 10, 289, 184, 267, 199, 181, 43, 25, 102, 316, 220, 200, 363, 325, 209, 462, 315, 104, 158, 97]",0.315,"[28, 59, 63, 76, 82, 95, 97, 100, 103, 107, 110, 111, 158, 164, 169, 180, 183, 200, 209, 218, 248, 259, 260, 262, 267, 274, 315, 316, 317, 330, 343, 346, 349, 358, 374, 386, 421, 440, 457, 481]"
2,128,"[143, 164, 381, 407, 437, 436, 373, 505, 454, 448, 38, 405, 252, 188, 495, 152, 432, 84, 202, 490, 172, 52, 359, 2, 187, 248, 146, 239, 177, 297, 60, 335, 255, 298, 463, 250, 179, 165, 186, 296, 203, 237, 339, 272, 506, 50, 81, 478, 108, 424, 278, 375, 11, 476, 178, 254, 89, 389, 328, 394, 318, 367, 32, 34, 486, 284, 57, 421, 306, 433, 371, 26, 474, 224, 386, 92, 155, 327, 484, 455, 149, 223, 87, 444, 166, 218, 471, 370, 295, 461, 231, 384, 427, 489, 416, 466, 290, 208, 346, 198, 109, 181, 390, 106, 219, 299, 159, 507, 287, 500, 494, 213, 312, 472, 183, 211, 16, 100, 90, 260, 483, 310, 477, 82, 191, 363, 160, 450]","[397, 485, 477, 321, 427, 474, 217, 414, 199, 306, 394, 279, 495, 464, 171, 0, 223, 80, 500, 371, 335, 11, 60, 178, 56, 81, 179, 158, 436, 259, 89, 314, 354, 114, 52, 239, 186, 203, 70, 90, 310, 195, 496, 367, 493, 218, 461, 390, 402, 155, 486, 393, 23, 327, 296, 459, 510, 109, 372, 83, 146, 150, 381, 322, 166, 252, 87, 151, 50, 219, 84, 72, 359, 342, 14, 198, 295, 258, 24, 463, 92, 401, 153, 106, 233, 426, 68, 57, 169, 1, 334, 144, 481, 250, 108, 135, 49, 82, 190, 112, 257, 193, 287, 315, 422, 318, 32, 3, 352, 177, 134, 272, 94, 6, 182, 213, 410, 312, 432, 124, 455, 407, 440, 188, 502, 93, 316, 449]",0.482,"[11, 32, 50, 52, 57, 60, 81, 82, 84, 87, 89, 90, 92, 106, 108, 109, 146, 155, 166, 177, 178, 179, 186, 188, 198, 203, 213, 218, 219, 223, 239, 250, 252, 272, 287, 295, 296, 306, 310, 312, 318, 327, 335, 359, 367, 371, 381, 390, 394, 407, 427, 432, 436, 455, 461, 463, 474, 477, 486, 495, 500]"
3,128,"[293, 480, 30, 470, 336, 421, 484, 321, 199, 5, 263, 487, 83, 221, 468, 313, 209, 42, 84, 324, 283, 122, 107, 53, 352, 59, 46, 63, 341, 206, 413, 325, 402, 41, 276, 255, 22, 495, 356, 424, 171, 67, 320, 449, 361, 457, 432, 193, 334, 387, 327, 256, 409, 51, 174, 499, 231, 252, 79, 249, 346, 389, 138, 277, 254, 455, 489, 242, 461, 296, 253, 362, 378, 27, 315, 54, 417, 17, 87, 509, 370, 172, 48, 294, 65, 137, 145, 4, 396, 197, 214, 177, 188, 47, 399, 368, 167, 302, 109, 170, 213, 269, 114, 427, 288, 24, 131, 476, 78, 89, 234, 266, 58, 438, 70, 500, 450, 428, 125, 147, 99, 436, 141, 119, 13, 429, 464, 310]","[117, 362, 303, 260, 248, 250, 75, 470, 72, 99, 334, 379, 81, 293, 185, 254, 158, 305, 360, 107, 139, 331, 30, 316, 369, 455, 68, 385, 341, 46, 174, 361, 12, 166, 201, 242, 508, 177, 196, 154, 337, 132, 184, 210, 487, 238, 229, 48, 223, 224, 285, 87, 209, 264, 500, 300, 298, 55, 255, 276, 17, 378, 423, 125, 253, 128, 436, 429, 122, 39, 8, 243, 273, 215, 149, 22, 286, 312, 119, 333, 469, 28, 400, 399, 419, 299, 182, 320, 162, 261, 418, 180, 142, 452, 114, 484, 464, 444, 50, 266, 424, 291, 347, 64, 146, 342, 63, 121, 58, 118, 0, 413, 170, 141, 34, 304, 131, 134, 329, 152, 150, 156, 402, 194, 327, 252, 409, 346]",0.387,"[17, 22, 30, 46, 48, 58, 63, 87, 99, 107, 114, 119, 122, 125, 131, 141, 170, 174, 177, 209, 242, 252, 253, 254, 255, 266, 276, 293, 320, 327, 334, 341, 346, 361, 362, 378, 399, 402, 409, 413, 424, 429, 436, 455, 464, 470, 484, 487, 500]"
4,128,"[147, 285, 384, 96, 64, 27, 504, 472, 357, 387, 155, 78, 105, 294, 431, 199, 104, 499, 152, 203, 432, 225, 166, 62, 331, 252, 471, 115, 458, 410, 335, 172, 248, 381, 415, 182, 173, 457, 197, 37, 20, 144, 192, 509, 187, 189, 460, 386, 133, 480, 55, 6, 360, 305, 35, 346, 261, 201, 184, 171, 436, 441, 491, 495, 355, 230, 209, 253, 217, 223, 246, 429, 301, 148, 39, 354, 81, 26, 232, 443, 113, 344, 418, 73, 130, 179, 481, 150, 221, 329, 75, 316, 434, 219, 22, 42, 382, 196, 85, 304, 510, 426, 507, 370, 117, 23, 318, 444, 139, 511, 87, 455, 231, 483, 442, 309, 308, 493, 272, 181, 47, 477, 400, 412, 506, 142, 89, 218]","[162, 367, 119, 479, 92, 192, 177, 289, 312, 465, 461, 263, 172, 371, 180, 427, 175, 114, 341, 179, 370, 285, 13, 360, 269, 149, 280, 379, 475, 142, 498, 206, 229, 191, 410, 232, 322, 313, 164, 82, 178, 417, 349, 287, 336, 400, 93, 501, 418, 476, 373, 134, 499, 455, 11, 450, 224, 268, 196, 113, 244, 262, 403, 442, 144, 238, 29, 220, 2, 271, 49, 166, 415, 361, 368, 68, 143, 247, 434, 314, 201, 253, 414, 496, 346, 473, 391, 120, 352, 392, 270, 212, 123, 54, 109, 31, 299, 37, 78, 362, 323, 194, 167, 386, 330, 453, 297, 477, 377, 448, 89, 278, 294, 344, 437, 315, 81, 94, 150, 324, 170, 267, 507, 482, 257, 375, 383, 327]",0.262,"[37, 78, 81, 89, 113, 142, 144, 150, 166, 172, 179, 192, 196, 201, 232, 253, 285, 294, 344, 346, 360, 370, 386, 400, 410, 415, 418, 434, 442, 455, 477, 499, 507]"
5,128,"[365, 266, 21, 120, 304, 443, 448, 423, 426, 268, 252, 125, 56, 297, 35, 363, 466, 88, 460, 306, 99, 229, 218, 273, 398, 223, 261, 155, 133, 425, 290, 159, 434, 131, 200, 238, 333, 387, 375, 382, 325, 459, 323, 91, 468, 498, 504, 461, 167, 464, 74, 130, 367, 135, 110, 239, 157, 265, 22, 197, 85, 208, 392, 212, 493, 296, 257, 16, 432, 457, 217, 62, 505, 60, 65, 221, 143, 442, 427, 422, 54, 430, 152, 452, 117, 80, 283, 153, 236, 313, 101, 222, 312, 420, 31, 213, 311, 230, 324, 374, 471, 357, 402, 418, 148, 176, 314, 352, 473, 405, 463, 89, 394, 381, 255, 237, 428, 250, 326, 164, 108, 7, 455, 5, 502, 193, 444, 397]","[361, 16, 312, 222, 455, 333, 399, 150, 365, 21, 133, 120, 505, 127, 488, 460, 178, 432, 198, 79, 428, 212, 131, 35, 89, 374, 153, 468, 5, 152, 103, 452, 15, 54, 434, 427, 119, 30, 407, 170, 196, 31, 156, 385, 306, 471, 313, 62, 223, 91, 117, 331, 323, 268, 381, 230, 402, 296, 221, 473, 85, 363, 425, 193, 433, 355, 368, 499, 494, 309, 82, 405, 217, 143, 418, 314, 157, 431, 14, 326, 229, 357, 261, 443, 506, 236, 263, 377, 159, 311, 466, 96, 290, 387, 417, 283, 321, 197, 446, 255, 111, 51, 200, 175, 188, 219, 140, 186, 398, 7, 396, 329, 470, 183, 213, 252, 22, 99, 288, 69, 250, 486, 80, 477, 247, 265, 67, 437]",0.595,"[5, 7, 16, 21, 22, 31, 35, 54, 62, 80, 85, 89, 91, 99, 117, 120, 131, 133, 143, 152, 153, 157, 159, 193, 197, 200, 212, 213, 217, 221, 222, 223, 229, 230, 236, 250, 252, 255, 261, 265, 268, 283, 290, 296, 306, 311, 312, 313, 314, 323, 326, 333, 357, 363, 365, 374, 381, 387, 398, 402, 405, 418, 425, 427, 428, 432, 434, 443, 452, 455, 460, 466, 468, 471, 473, 505]"
6,128,"[511, 202, 195, 250, 113, 442, 289, 331, 201, 487, 5, 345, 40, 189, 392, 74, 140, 387, 350, 404, 498, 64, 203, 336, 337, 378, 279, 409, 479, 303, 157, 507, 149, 168, 192, 2, 377, 277, 102, 196, 218, 105, 317, 44, 121, 348, 161, 198, 21, 70, 423, 162, 86, 225, 14, 209, 343, 431, 281, 265, 125, 101, 366, 440, 87, 15, 355, 502, 65, 42, 495, 62, 118, 261, 45, 172, 330, 230, 24, 50, 472, 304, 204, 500, 148, 292, 53, 326, 166, 263, 18, 215, 160, 383, 437, 401, 499, 159, 31, 237, 164, 328, 354, 477, 224, 497, 302, 47, 138, 420, 362, 402, 163, 471, 123, 483, 464, 315, 375, 240, 486, 451, 181, 146, 506, 376, 384, 127]","[303, 140, 190, 350, 388, 477, 87, 423, 195, 459, 383, 121, 9, 132, 40, 14, 49, 107, 354, 436, 289, 262, 146, 197, 11, 184, 161, 54, 336, 53, 44, 163, 32, 89, 42, 292, 377, 95, 498, 41, 221, 483, 105, 434, 130, 463, 150, 505, 70, 51, 294, 440, 346, 168, 29, 28, 362, 113, 182, 170, 196, 181, 177, 419, 277, 187, 65, 254, 232, 496, 427, 415, 225, 192, 509, 511, 403, 503, 162, 124, 18, 159, 69, 75, 203, 407, 202, 437, 100, 194, 470, 20, 160, 420, 315, 506, 397, 279, 302, 485, 198, 499, 265, 22, 400, 428, 375, 389, 379, 326, 205, 361, 490, 258, 215, 387, 233, 206, 256, 404, 50, 392, 180, 480, 149, 328, 24, 352]",0.491,"[14, 18, 24, 40, 42, 44, 50, 53, 65, 70, 87, 105, 113, 121, 140, 146, 149, 159, 160, 161, 162, 163, 168, 181, 192, 195, 196, 198, 202, 203, 215, 225, 265, 277, 279, 289, 292, 302, 303, 315, 326, 328, 336, 350, 354, 362, 375, 377, 383, 387, 392, 404, 420, 423, 437, 440, 477, 483, 498, 499, 506, 511]"
7,128,"[436, 477, 308, 252, 203, 464, 352, 362, 367, 358, 499, 213, 449, 291, 331, 338, 25, 90, 474, 149, 297, 127, 227, 50, 95, 48, 30, 488, 244, 328, 277, 105, 343, 264, 438, 114, 34, 440, 71, 115, 385, 455, 68, 511, 169, 332, 139, 409, 326, 288, 412, 430, 44, 306, 267, 104, 492, 223, 197, 399, 454, 376, 117, 292, 276, 473, 10, 494, 84, 290, 191, 110, 181, 200, 43, 375, 36, 414, 323, 481, 243, 424, 301, 49, 9, 91, 476, 370, 275, 411, 444, 266, 478, 217, 86, 313, 150, 322, 238, 386, 154, 307, 226, 364, 268, 144, 172, 390, 74, 234, 489, 133, 138, 20, 433, 15, 192, 507, 162, 116, 447, 27, 431, 310, 348, 208, 469, 302]","[24, 74, 275, 297, 213, 438, 244, 44, 53, 200, 197, 332, 203, 310, 420, 238, 376, 43, 399, 444, 390, 477, 169, 89, 93, 473, 402, 285, 150, 128, 143, 499, 176, 476, 100, 206, 251, 487, 370, 10, 350, 358, 313, 431, 58, 234, 117, 192, 456, 125, 464, 104, 411, 492, 73, 61, 493, 437, 306, 300, 343, 49, 367, 264, 362, 153, 277, 467, 414, 21, 262, 355, 155, 481, 115, 344, 252, 210, 229, 409, 397, 338, 77, 308, 292, 439, 320, 95, 207, 185, 418, 50, 340, 447, 268, 149, 9, 164, 351, 124, 301, 364, 16, 483, 154, 326, 441, 295, 34, 27, 457, 266, 171, 331, 35, 97, 181, 469, 90, 217, 230, 325, 101, 68, 440, 159, 33, 459]",0.56,"[9, 10, 27, 34, 43, 44, 49, 50, 68, 74, 90, 95, 104, 115, 117, 149, 150, 154, 169, 181, 192, 197, 200, 203, 213, 217, 234, 238, 244, 252, 264, 266, 268, 275, 277, 292, 297, 301, 306, 308, 310, 313, 326, 331, 332, 338, 343, 358, 362, 364, 367, 370, 376, 390, 399, 409, 411, 414, 431, 438, 440, 444, 447, 464, 469, 473, 476, 477, 481, 492, 499]"
8,128,"[238, 295, 246, 391, 310, 117, 204, 82, 140, 243, 116, 121, 502, 220, 131, 186, 306, 293, 21, 239, 386, 13, 260, 111, 5, 55, 183, 396, 222, 77, 359, 403, 272, 209, 80, 480, 143, 436, 96, 179, 270, 120, 284, 16, 224, 185, 71, 267, 203, 355, 217, 72, 475, 449, 492, 301, 308, 414, 361, 509, 481, 333, 75, 198, 364, 351, 60, 226, 354, 135, 454, 291, 165, 268, 123, 201, 10, 154, 108, 181, 255, 421, 34, 342, 110, 338, 23, 314, 458, 261, 41, 363, 104, 275, 464, 199, 4, 331, 456, 399, 318, 211, 248, 274, 56, 311, 467, 296, 17, 93, 38, 473, 256, 283, 346, 219, 153, 412, 343, 178, 28, 297, 241, 358, 206, 488, 413, 281]","[115, 309, 223, 111, 313, 23, 364, 135, 333, 325, 315, 455, 176, 461, 295, 16, 110, 224, 198, 77, 354, 418, 51, 96, 473, 454, 357, 291, 143, 345, 220, 235, 43, 114, 255, 160, 249, 256, 462, 233, 330, 248, 342, 389, 214, 14, 167, 38, 19, 131, 34, 359, 316, 8, 157, 436, 483, 30, 430, 31, 195, 458, 343, 76, 272, 227, 120, 117, 164, 217, 464, 211, 158, 183, 179, 288, 185, 289, 21, 446, 420, 426, 116, 491, 55, 403, 257, 33, 137, 411, 475, 199, 200, 193, 146, 384, 353, 396, 191, 71, 275, 240, 226, 241, 363, 28, 508, 124, 284, 492, 80, 293, 366, 69, 150, 507, 254, 510, 311, 308, 431, 412, 60, 246, 410, 123, 139, 136]",0.478,"[16, 21, 23, 28, 34, 38, 55, 60, 71, 77, 80, 96, 110, 111, 116, 117, 120, 123, 131, 135, 143, 179, 183, 185, 198, 199, 211, 217, 220, 224, 226, 241, 246, 248, 255, 256, 272, 275, 284, 291, 293, 295, 308, 311, 333, 342, 343, 354, 359, 363, 364, 396, 403, 412, 436, 454, 458, 464, 473, 475, 492]"
9,128,"[278, 470, 426, 342, 283, 117, 457, 1, 358, 47, 294, 502, 465, 113, 397, 202, 177, 58, 498, 382, 266, 456, 352, 324, 325, 54, 18, 286, 475, 167, 490, 464, 272, 17, 473, 430, 444, 492, 219, 432, 305, 185, 401, 412, 186, 511, 179, 246, 212, 174, 208, 284, 364, 140, 436, 478, 148, 180, 496, 336, 485, 221, 341, 462, 232, 366, 431, 151, 211, 23, 271, 454, 112, 316, 110, 452, 86, 27, 413, 306, 254, 385, 240, 448, 501, 471, 399, 72, 25, 56, 317, 467, 200, 218, 204, 503, 16, 389, 450, 506, 440, 144, 190, 59, 350, 141, 160, 184, 472, 339, 276, 309, 304, 120, 217, 337, 409, 129, 20, 274, 439, 495, 170, 402, 442, 387, 138, 370]","[248, 269, 27, 190, 170, 369, 17, 92, 314, 197, 160, 220, 286, 364, 366, 498, 49, 47, 331, 171, 442, 20, 25, 330, 261, 438, 317, 336, 2, 110, 389, 322, 505, 38, 194, 295, 247, 179, 402, 464, 52, 87, 264, 195, 467, 67, 211, 280, 474, 285, 113, 96, 158, 471, 159, 157, 436, 98, 325, 243, 275, 352, 39, 16, 232, 138, 385, 228, 55, 506, 191, 42, 206, 503, 246, 176, 105, 395, 102, 420, 233, 287, 227, 152, 415, 485, 382, 54, 111, 294, 100, 456, 490, 350, 393, 495, 167, 410, 278, 502, 358, 119, 284, 312, 426, 276, 83, 476, 94, 450, 272, 116, 59, 240, 414, 89, 259, 283, 379, 337, 425, 82, 30, 184, 353, 44, 412, 137]",0.452,"[16, 17, 20, 25, 27, 47, 54, 59, 110, 113, 138, 160, 167, 170, 179, 184, 190, 211, 232, 240, 246, 272, 276, 278, 283, 284, 286, 294, 317, 325, 336, 337, 350, 352, 358, 364, 366, 382, 385, 389, 402, 412, 426, 436, 442, 450, 456, 464, 467, 471, 485, 490, 495, 498, 502, 503, 506]"
10,128,"[289, 251, 448, 102, 232, 154, 216, 185, 18, 52, 236, 346, 219, 103, 328, 234, 315, 153, 414, 330, 109, 466, 217, 174, 170, 118, 491, 388, 467, 266, 107, 259, 169, 463, 354, 146, 329, 161, 397, 134, 142, 405, 187, 376, 138, 275, 493, 364, 65, 472, 223, 79, 177, 248, 506, 247, 319, 318, 85, 386, 441, 501, 96, 433, 262, 163, 269, 287, 311, 427, 401, 90, 166, 402, 316, 227, 511, 171, 203, 487, 98, 188, 447, 91, 293, 1, 348, 77, 147, 449, 125, 261, 343, 36, 29, 288, 321, 37, 395, 190, 344, 377, 389, 305, 358, 41, 504, 40, 440, 420, 264, 252, 184, 164, 114, 430, 435, 181, 274, 263, 444, 110, 32, 462, 208, 454, 182, 83]","[29, 23, 236, 475, 166, 194, 501, 50, 509, 262, 32, 417, 395, 511, 83, 482, 465, 8, 164, 232, 170, 84, 181, 435, 88, 219, 161, 97, 330, 444, 173, 186, 480, 243, 132, 343, 454, 391, 19, 275, 248, 289, 344, 209, 163, 311, 448, 370, 213, 247, 107, 381, 305, 177, 298, 279, 90, 424, 433, 437, 423, 429, 53, 184, 183, 64, 414, 492, 203, 498, 470, 188, 52, 153, 78, 315, 227, 130, 471, 293, 352, 221, 208, 327, 463, 274, 69, 504, 54, 397, 212, 49, 79, 360, 234, 250, 318, 472, 71, 85, 138, 142, 187, 127, 345, 328, 215, 251, 10, 316, 180, 284, 340, 426, 488, 272, 379, 467, 103, 100, 263, 216, 287, 39, 425, 96, 240, 223]",0.51,"[29, 32, 52, 79, 83, 85, 90, 96, 103, 107, 138, 142, 153, 161, 163, 164, 166, 170, 177, 181, 184, 187, 188, 203, 208, 216, 219, 223, 227, 232, 234, 236, 247, 248, 251, 262, 263, 274, 275, 287, 289, 293, 305, 311, 315, 316, 318, 328, 330, 343, 344, 395, 397, 414, 433, 435, 444, 448, 454, 463, 467, 472, 501, 504, 511]"
11,128,"[397, 351, 335, 51, 80, 312, 399, 354, 176, 392, 104, 109, 28, 276, 249, 245, 81, 60, 148, 199, 510, 361, 212, 222, 384, 242, 72, 436, 165, 467, 468, 390, 0, 9, 69, 304, 126, 44, 460, 425, 162, 62, 38, 508, 221, 427, 26, 172, 446, 20, 108, 281, 120, 211, 306, 310, 252, 46, 343, 195, 227, 101, 132, 458, 174, 116, 491, 239, 7, 493, 58, 479, 179, 431, 332, 447, 294, 439, 438, 452, 35, 3, 255, 102, 272, 240, 34, 225, 235, 257, 350, 318, 128, 39, 274, 314, 188, 70, 82, 157, 12, 122, 117, 300, 303, 497, 418, 411, 182, 311, 92, 413, 480, 139, 511, 97, 18, 331, 4, 183, 345, 443, 95, 309, 448, 154, 393, 432]","[161, 359, 408, 106, 388, 300, 443, 175, 482, 411, 263, 20, 371, 194, 126, 332, 159, 0, 361, 61, 311, 130, 62, 90, 28, 501, 81, 349, 60, 177, 164, 364, 94, 205, 334, 430, 454, 15, 309, 479, 110, 198, 233, 181, 399, 168, 79, 318, 328, 174, 162, 387, 363, 478, 132, 228, 310, 421, 474, 274, 305, 291, 199, 143, 351, 423, 120, 343, 100, 508, 425, 38, 113, 109, 105, 355, 369, 4, 7, 39, 428, 393, 179, 313, 337, 503, 261, 432, 484, 366, 398, 239, 42, 481, 464, 365, 73, 473, 147, 224, 327, 214, 494, 290, 86, 467, 82, 158, 249, 392, 225, 71, 166, 254, 156, 150, 183, 431, 45, 406, 69, 51, 345, 208, 452, 222, 390, 240]",0.403,"[0, 4, 7, 20, 28, 38, 39, 51, 60, 62, 69, 81, 82, 109, 120, 126, 132, 162, 174, 179, 183, 199, 222, 225, 239, 240, 249, 274, 300, 309, 310, 311, 318, 332, 343, 345, 351, 361, 390, 392, 393, 399, 411, 425, 431, 432, 443, 452, 467, 479, 508]"
12,128,"[335, 137, 496, 60, 245, 340, 350, 169, 390, 269, 65, 44, 212, 456, 89, 317, 303, 184, 376, 61, 302, 49, 361, 53, 493, 219, 144, 442, 142, 222, 500, 173, 54, 471, 57, 409, 425, 399, 407, 19, 85, 285, 161, 266, 256, 414, 345, 401, 163, 309, 252, 100, 282, 167, 430, 3, 250, 307, 58, 488, 109, 107, 364, 29, 477, 174, 373, 444, 140, 135, 494, 209, 412, 473, 332, 474, 247, 39, 397, 501, 7, 333, 392, 292, 179, 486, 139, 193, 97, 367, 67, 171, 484, 480, 511, 124, 454, 415, 403, 51, 210, 143, 150, 243, 62, 422, 273, 30, 487, 42, 81, 220, 365, 379, 259, 87, 91, 37, 436, 123, 264, 410, 50, 72, 398, 462, 119, 225]","[302, 3, 474, 247, 167, 219, 379, 209, 212, 345, 454, 436, 7, 143, 71, 171, 196, 488, 179, 496, 392, 119, 493, 27, 269, 340, 303, 123, 467, 378, 65, 83, 273, 89, 135, 57, 138, 350, 67, 188, 169, 23, 203, 461, 172, 364, 425, 482, 29, 361, 202, 456, 253, 174, 376, 107, 292, 260, 231, 307, 463, 413, 91, 204, 390, 501, 139, 44, 486, 225, 354, 62, 250, 19, 285, 386, 370, 85, 81, 414, 124, 324, 367, 427, 368, 109, 422, 48, 73, 53, 163, 58, 195, 275, 146, 335, 509, 259, 407, 137, 24, 150, 100, 455, 333, 189, 401, 373, 127, 210, 184, 442, 446, 116, 471, 41, 243, 72, 49, 39, 381, 430, 487, 266, 261, 332, 25, 193]",0.673,"[3, 7, 19, 29, 39, 44, 49, 53, 57, 58, 62, 65, 67, 72, 81, 85, 89, 91, 100, 107, 109, 119, 123, 124, 135, 137, 139, 143, 150, 163, 167, 169, 171, 174, 179, 184, 193, 209, 210, 212, 219, 225, 243, 247, 250, 259, 266, 269, 273, 285, 292, 302, 303, 307, 332, 333, 335, 340, 345, 350, 361, 364, 367, 373, 376, 379, 390, 392, 401, 407, 414, 422, 425, 430, 436, 442, 454, 456, 471, 474, 486, 487, 488, 493, 496, 501]"
13,128,"[295, 18, 162, 363, 94, 337, 293, 393, 348, 12, 274, 271, 173, 489, 361, 164, 441, 323, 199, 264, 99, 344, 386, 209, 455, 318, 411, 139, 267, 269, 194, 300, 234, 381, 96, 488, 167, 135, 458, 241, 292, 115, 224, 405, 31, 511, 212, 11, 132, 233, 276, 40, 68, 273, 421, 220, 136, 86, 226, 362, 243, 172, 369, 385, 403, 92, 314, 142, 431, 352, 236, 41, 451, 83, 353, 407, 475, 51, 366, 49, 472, 465, 302, 57, 453, 153, 426, 183, 50, 306, 19, 45, 325, 503, 196, 406, 373, 419, 152, 211, 272, 141, 185, 70, 210, 496, 358, 34, 188, 102, 197, 227, 123, 20, 468, 380, 448, 437, 151, 487, 319, 469, 408, 485, 215, 278, 343, 436]","[363, 403, 135, 203, 466, 21, 136, 235, 8, 210, 325, 5, 99, 162, 243, 158, 373, 89, 223, 40, 352, 461, 306, 348, 412, 304, 163, 149, 196, 233, 209, 474, 490, 451, 358, 343, 225, 374, 227, 199, 110, 267, 159, 458, 292, 485, 145, 119, 318, 183, 197, 234, 287, 38, 437, 307, 100, 376, 502, 34, 429, 279, 278, 300, 351, 323, 336, 314, 127, 271, 487, 198, 90, 345, 486, 96, 256, 246, 212, 194, 469, 92, 465, 361, 91, 338, 68, 415, 52, 94, 453, 24, 276, 211, 335, 139, 472, 108, 45, 153, 1, 215, 476, 478, 344, 393, 488, 116, 366, 504, 423, 425, 236, 50, 214, 275, 156, 49, 282, 462, 362, 289, 386, 503, 249, 339, 32, 29]",0.508,"[34, 40, 45, 49, 50, 68, 92, 94, 96, 99, 135, 136, 139, 153, 162, 183, 194, 196, 197, 199, 209, 210, 211, 212, 215, 227, 233, 234, 236, 243, 267, 271, 276, 278, 292, 300, 306, 314, 318, 323, 325, 343, 344, 348, 352, 358, 361, 362, 363, 366, 373, 386, 393, 403, 437, 451, 453, 458, 465, 469, 472, 485, 487, 488, 503]"
14,128,"[382, 288, 277, 510, 183, 212, 148, 265, 371, 255, 452, 75, 261, 90, 391, 134, 486, 217, 437, 361, 228, 31, 283, 101, 310, 417, 105, 54, 385, 293, 289, 110, 351, 70, 61, 502, 297, 170, 272, 368, 242, 142, 387, 92, 218, 302, 386, 139, 324, 499, 169, 27, 126, 419, 286, 123, 194, 314, 308, 232, 350, 400, 295, 458, 73, 273, 330, 416, 132, 96, 426, 450, 34, 495, 213, 127, 33, 65, 415, 184, 137, 161, 307, 153, 496, 464, 254, 264, 199, 226, 76, 130, 16, 300, 171, 239, 281, 268, 178, 204, 421, 312, 422, 339, 248, 331, 412, 97, 451, 141, 320, 200, 72, 152, 506, 328, 26, 207, 262, 319, 238, 42, 5, 405, 461, 14, 257, 117]","[449, 361, 260, 110, 93, 34, 484, 281, 443, 275, 324, 300, 156, 23, 435, 339, 139, 391, 92, 22, 130, 297, 264, 142, 489, 37, 421, 183, 39, 509, 310, 290, 16, 506, 328, 166, 49, 170, 125, 414, 196, 447, 234, 377, 359, 47, 134, 88, 42, 330, 174, 76, 71, 299, 212, 33, 143, 117, 148, 199, 301, 184, 496, 371, 357, 401, 464, 250, 273, 442, 5, 452, 248, 507, 394, 96, 499, 73, 226, 262, 0, 424, 127, 65, 243, 55, 19, 432, 265, 415, 190, 485, 259, 296, 271, 503, 228, 335, 107, 286, 123, 26, 161, 388, 417, 372, 397, 4, 307, 366, 61, 268, 124, 84, 351, 198, 231, 479, 368, 350, 382, 181, 405, 21, 126, 437, 319, 40]",0.5,"[5, 16, 26, 33, 34, 42, 61, 65, 73, 76, 92, 96, 110, 117, 123, 126, 127, 130, 134, 139, 142, 148, 161, 170, 183, 184, 199, 212, 226, 228, 248, 262, 264, 265, 268, 273, 281, 286, 297, 300, 307, 310, 319, 324, 328, 330, 339, 350, 351, 361, 368, 371, 382, 391, 405, 415, 417, 421, 437, 452, 464, 496, 499, 506]"
15,128,"[24, 275, 6, 218, 306, 84, 370, 138, 163, 479, 107, 134, 188, 168, 269, 473, 60, 340, 261, 328, 177, 65, 173, 339, 385, 189, 120, 110, 389, 229, 277, 91, 114, 179, 252, 493, 462, 207, 97, 5, 105, 358, 332, 497, 241, 445, 115, 399, 123, 22, 471, 62, 329, 108, 199, 255, 246, 235, 435, 18, 320, 346, 250, 415, 474, 154, 175, 49, 59, 243, 481, 28, 40, 505, 83, 92, 260, 215, 236, 428, 227, 44, 353, 433, 166, 271, 368, 373, 141, 21, 319, 122, 50, 56, 223, 509, 259, 478, 357, 75, 324, 417, 465, 146, 394, 374, 436, 25, 295, 333, 43, 345, 301, 137, 427, 388, 8, 311, 458, 457, 257, 72, 425, 9, 202, 350, 492, 195]","[503, 222, 378, 261, 402, 462, 187, 274, 5, 446, 205, 8, 427, 282, 357, 90, 476, 472, 153, 150, 466, 414, 216, 138, 456, 140, 97, 413, 34, 33, 101, 185, 117, 152, 92, 284, 490, 485, 403, 42, 344, 496, 127, 94, 315, 6, 240, 0, 82, 98, 442, 75, 160, 56, 91, 388, 123, 242, 51, 108, 23, 504, 486, 55, 497, 95, 243, 229, 367, 66, 510, 11, 428, 273, 375, 323, 27, 326, 415, 259, 404, 434, 131, 227, 196, 214, 341, 69, 158, 511, 198, 251, 79, 53, 400, 475, 258, 184, 376, 416, 250, 397, 304, 125, 374, 232, 389, 289, 206, 249, 395, 143, 134, 49, 165, 19, 119, 439, 239, 166, 455, 391, 334, 493, 481, 478, 312, 281]",0.254,"[5, 6, 8, 49, 56, 75, 91, 92, 97, 108, 123, 134, 138, 166, 227, 229, 243, 250, 259, 261, 357, 374, 388, 389, 415, 427, 428, 462, 478, 481, 493, 497]"
16,128,"[47, 228, 374, 40, 348, 213, 184, 268, 332, 430, 458, 413, 224, 437, 326, 419, 255, 306, 288, 454, 417, 428, 287, 89, 289, 188, 350, 35, 107, 111, 278, 408, 84, 239, 267, 399, 330, 298, 436, 474, 368, 442, 42, 316, 459, 251, 275, 321, 16, 177, 365, 480, 397, 353, 34, 114, 207, 80, 339, 355, 340, 235, 1, 451, 416, 69, 461, 203, 7, 142, 457, 172, 431, 5, 336, 120, 41, 26, 150, 110, 418, 460, 344, 346, 28, 133, 222, 79, 380, 279, 65, 158, 144, 371, 260, 409, 85, 262, 491, 170, 384, 263, 115, 156, 401, 243, 286, 232, 127, 125, 449, 473, 395, 301, 122, 254, 387, 96, 472, 307, 499, 256, 386, 229, 463, 206, 319, 379]","[72, 430, 137, 124, 76, 237, 194, 317, 83, 51, 24, 73, 207, 252, 376, 3, 1, 29, 190, 289, 23, 472, 206, 233, 414, 503, 142, 255, 91, 463, 340, 216, 17, 299, 146, 238, 485, 172, 114, 270, 438, 417, 79, 60, 122, 510, 63, 428, 372, 225, 405, 217, 435, 32, 133, 11, 415, 249, 461, 406, 184, 228, 57, 315, 353, 278, 432, 391, 243, 136, 380, 368, 161, 53, 160, 261, 277, 281, 475, 31, 452, 284, 229, 419, 56, 370, 386, 125, 358, 222, 258, 89, 193, 144, 239, 311, 131, 399, 312, 293, 381, 126, 474, 360, 323, 420, 395, 200, 103, 81, 88, 471, 188, 287, 310, 495, 26, 191, 47, 128, 39, 330, 509, 256, 393, 120, 264, 254]",0.346,"[1, 26, 47, 79, 89, 114, 120, 122, 125, 133, 142, 144, 172, 184, 188, 206, 207, 222, 228, 229, 239, 243, 254, 255, 256, 278, 287, 289, 330, 340, 353, 368, 380, 386, 395, 399, 417, 419, 428, 430, 461, 463, 472, 474]"
17,128,"[374, 464, 66, 427, 309, 472, 474, 299, 353, 164, 69, 280, 486, 347, 146, 342, 60, 384, 277, 243, 46, 323, 448, 162, 137, 53, 398, 490, 426, 59, 341, 281, 266, 357, 417, 188, 265, 510, 132, 496, 1, 0, 442, 63, 226, 219, 387, 497, 480, 217, 350, 178, 312, 247, 300, 128, 416, 337, 400, 159, 191, 142, 275, 339, 176, 139, 65, 229, 494, 511, 177, 295, 248, 481, 2, 88, 93, 252, 244, 365, 111, 367, 61, 296, 463, 109, 361, 386, 90, 143, 163, 380, 84, 504, 230, 372, 313, 91, 414, 144, 121, 234, 13, 17, 39, 500, 333, 197, 385, 118, 135, 278, 179, 356, 3, 95, 478, 99, 14, 227, 216, 401, 126, 405, 238, 505, 153, 165]","[46, 89, 86, 242, 263, 220, 473, 25, 424, 143, 349, 234, 457, 481, 469, 182, 238, 467, 44, 24, 257, 399, 269, 451, 397, 58, 256, 413, 289, 303, 159, 85, 69, 356, 262, 139, 335, 170, 306, 239, 140, 80, 312, 329, 370, 41, 325, 73, 363, 137, 237, 164, 6, 344, 297, 398, 87, 446, 373, 444, 161, 144, 68, 407, 266, 39, 341, 10, 246, 273, 248, 391, 292, 353, 436, 477, 119, 277, 26, 286, 7, 320, 251, 362, 132, 509, 340, 250, 108, 331, 5, 244, 455, 245, 421, 16, 260, 328, 226, 300, 17, 197, 109, 217, 54, 153, 304, 282, 3, 406, 142, 416, 100, 389, 419, 11, 350, 287, 184, 478, 374, 343, 18, 322, 1, 177, 176, 483]",0.302,"[1, 3, 17, 39, 46, 69, 109, 132, 137, 139, 142, 143, 144, 153, 159, 164, 176, 177, 197, 217, 226, 234, 238, 244, 248, 266, 277, 300, 312, 341, 350, 353, 356, 374, 398, 416, 478, 481]"
18,128,"[31, 84, 276, 110, 88, 61, 148, 168, 393, 406, 360, 278, 96, 331, 378, 462, 41, 377, 127, 478, 9, 257, 197, 64, 159, 264, 100, 379, 186, 225, 447, 43, 271, 94, 470, 311, 353, 251, 374, 30, 366, 304, 289, 192, 444, 457, 477, 185, 492, 173, 26, 15, 358, 65, 408, 488, 227, 417, 367, 306, 181, 111, 58, 255, 375, 254, 321, 484, 296, 122, 454, 63, 125, 71, 216, 263, 279, 268, 397, 261, 240, 167, 452, 134, 130, 20, 364, 222, 487, 176, 445, 431, 285, 210, 230, 237, 459, 54, 47, 280, 139, 436, 272, 131, 161, 3, 48, 318, 214, 11, 182, 343, 50, 195, 75, 59, 90, 322, 332, 239, 136, 236, 370, 170, 493, 337, 199, 171]","[364, 261, 428, 182, 34, 170, 180, 179, 43, 499, 314, 340, 452, 139, 130, 417, 408, 3, 237, 122, 41, 415, 406, 154, 300, 264, 155, 236, 439, 20, 56, 93, 434, 383, 205, 215, 135, 11, 87, 268, 455, 210, 306, 444, 168, 379, 197, 454, 24, 409, 152, 10, 111, 395, 195, 110, 401, 192, 443, 482, 298, 343, 289, 330, 272, 74, 292, 125, 447, 90, 285, 148, 126, 276, 234, 200, 96, 393, 14, 32, 296, 186, 206, 153, 315, 233, 290, 181, 488, 248, 222, 293, 367, 404, 329, 321, 322, 353, 462, 382, 191, 178, 54, 374, 304, 255, 26, 375, 431, 354, 44, 419, 282, 263, 240, 280, 360, 495, 100, 7, 77, 30, 394, 63, 75, 131, 370, 470]",0.553,"[3, 11, 20, 26, 30, 41, 43, 54, 63, 75, 90, 96, 100, 110, 111, 122, 125, 130, 131, 139, 148, 168, 170, 181, 182, 186, 192, 195, 197, 210, 222, 236, 237, 240, 255, 261, 263, 264, 268, 272, 276, 280, 285, 289, 296, 304, 306, 321, 322, 343, 353, 360, 364, 367, 370, 374, 375, 379, 393, 406, 408, 417, 431, 444, 447, 452, 454, 462, 470, 488]"
19,128,"[135, 142, 67, 274, 83, 292, 273, 348, 408, 501, 32, 132, 202, 66, 475, 430, 322, 188, 365, 133, 398, 394, 297, 158, 443, 43, 37, 80, 317, 47, 278, 296, 406, 358, 360, 411, 232, 51, 28, 488, 182, 71, 203, 412, 405, 39, 121, 108, 165, 350, 465, 340, 245, 148, 466, 112, 403, 305, 372, 290, 407, 237, 180, 283, 161, 447, 17, 402, 151, 492, 131, 84, 168, 260, 347, 59, 225, 155, 300, 207, 175, 324, 138, 181, 446, 439, 236, 450, 159, 511, 329, 103, 90, 238, 206, 380, 120, 341, 307, 335, 479, 61, 41, 194, 144, 503, 268, 493, 285, 74, 293, 367, 109, 119, 33, 410, 390, 204, 60, 375, 85, 339, 376, 216, 134, 154, 242, 136]","[297, 313, 97, 142, 381, 238, 159, 123, 491, 135, 326, 106, 211, 17, 411, 329, 132, 492, 394, 57, 396, 288, 390, 465, 109, 502, 283, 507, 447, 412, 292, 298, 138, 187, 80, 131, 180, 324, 207, 506, 306, 239, 148, 391, 82, 26, 290, 44, 346, 226, 360, 347, 121, 264, 443, 84, 111, 30, 175, 370, 446, 475, 423, 511, 337, 318, 415, 204, 455, 51, 133, 293, 374, 365, 236, 503, 350, 83, 130, 232, 488, 74, 151, 37, 39, 406, 458, 33, 261, 260, 42, 85, 287, 372, 441, 88, 61, 242, 305, 182, 479, 281, 107, 278, 285, 389, 235, 327, 164, 5, 403, 483, 13, 432, 6, 363, 335, 75, 171, 256, 348, 408, 378, 216, 120, 136, 161, 286]",0.549,"[17, 33, 37, 39, 51, 61, 74, 80, 83, 84, 85, 109, 120, 121, 131, 132, 133, 135, 136, 138, 142, 148, 151, 159, 161, 175, 180, 182, 204, 207, 216, 232, 236, 238, 242, 260, 278, 283, 285, 290, 292, 293, 297, 305, 324, 329, 335, 347, 348, 350, 360, 365, 372, 390, 394, 403, 406, 408, 411, 412, 443, 446, 447, 465, 475, 479, 488, 492, 503, 511]"
20,128,"[83, 142, 172, 376, 95, 138, 120, 203, 41, 300, 285, 336, 239, 328, 220, 36, 27, 355, 226, 433, 487, 52, 214, 207, 398, 13, 280, 354, 58, 265, 143, 206, 423, 412, 48, 455, 5, 353, 399, 500, 221, 117, 123, 193, 194, 326, 450, 23, 60, 331, 233, 430, 225, 70, 62, 253, 157, 139, 161, 284, 227, 175, 357, 374, 104, 256, 251, 414, 472, 489, 267, 295, 477, 45, 335, 84, 379, 160, 406, 190, 208, 319, 88, 151, 43, 476, 305, 156, 396, 443, 415, 288, 462, 126, 66, 420, 390, 154, 496, 158, 361, 166, 460, 350, 103, 192, 427, 34, 105, 188, 51, 159, 292, 341, 7, 39, 345, 241, 121, 252, 392, 297, 425, 44, 378, 334, 137, 244]","[430, 233, 494, 297, 55, 239, 369, 163, 223, 12, 487, 143, 156, 478, 347, 95, 160, 147, 132, 244, 376, 70, 185, 345, 158, 353, 209, 399, 149, 235, 140, 192, 120, 206, 67, 251, 117, 506, 52, 322, 28, 194, 247, 328, 89, 91, 168, 390, 123, 387, 255, 476, 49, 7, 450, 227, 481, 319, 229, 96, 31, 92, 354, 295, 475, 420, 5, 394, 22, 310, 221, 485, 329, 492, 398, 225, 164, 197, 488, 78, 392, 301, 264, 288, 208, 4, 236, 241, 414, 154, 284, 98, 291, 0, 275, 172, 351, 362, 286, 335, 357, 462, 232, 372, 438, 142, 134, 51, 305, 455, 397, 320, 471, 47, 131, 499, 260, 411, 204, 243, 76, 498, 433, 299, 157, 358, 396, 256]",0.449,"[5, 7, 51, 52, 70, 95, 117, 120, 123, 142, 143, 154, 156, 157, 158, 160, 172, 192, 194, 206, 208, 221, 225, 227, 233, 239, 241, 244, 251, 256, 284, 288, 295, 297, 305, 319, 328, 335, 345, 353, 354, 357, 376, 390, 392, 396, 398, 399, 414, 420, 430, 433, 450, 455, 462, 476, 487]"
21,128,"[186, 486, 392, 320, 354, 235, 384, 376, 373, 288, 412, 69, 433, 292, 5, 120, 507, 138, 200, 361, 225, 204, 53, 375, 394, 90, 321, 155, 255, 279, 455, 137, 152, 249, 461, 14, 100, 409, 84, 28, 265, 251, 358, 21, 4, 0, 414, 277, 9, 309, 26, 364, 346, 350, 443, 407, 282, 70, 117, 105, 465, 263, 458, 402, 488, 396, 273, 150, 431, 163, 404, 468, 446, 359, 485, 126, 63, 97, 260, 434, 432, 298, 214, 457, 127, 286, 509, 232, 406, 170, 188, 245, 399, 338, 289, 363, 378, 355, 469, 146, 310, 415, 109, 154, 77, 57, 160, 366, 315, 133, 236, 294, 55, 480, 328, 112, 22, 114, 61, 464, 99, 423, 345, 116, 447, 397, 189, 503]","[384, 219, 257, 57, 134, 204, 483, 249, 41, 352, 107, 338, 355, 296, 84, 26, 21, 68, 302, 268, 498, 460, 414, 152, 34, 400, 202, 48, 32, 275, 380, 15, 179, 141, 263, 295, 85, 466, 140, 208, 267, 239, 155, 265, 428, 113, 446, 253, 170, 194, 212, 198, 318, 165, 171, 260, 364, 387, 458, 73, 363, 443, 493, 507, 459, 398, 269, 54, 20, 251, 358, 235, 150, 131, 120, 347, 22, 472, 63, 444, 410, 322, 404, 339, 402, 480, 321, 258, 366, 246, 418, 310, 488, 287, 455, 332, 313, 378, 201, 175, 354, 146, 7, 232, 52, 478, 19, 9, 214, 497, 139, 445, 300, 431, 288, 294, 89, 133, 188, 23, 126, 276, 309, 245, 506, 200, 91, 172]",0.411,"[9, 21, 22, 26, 57, 63, 84, 120, 126, 133, 146, 150, 152, 155, 170, 188, 200, 204, 214, 232, 235, 245, 249, 251, 260, 263, 265, 288, 294, 309, 310, 321, 338, 354, 355, 358, 363, 364, 366, 378, 384, 402, 404, 414, 431, 443, 446, 455, 458, 480, 488, 507]"
22,128,"[467, 255, 126, 346, 247, 2, 453, 276, 89, 391, 106, 103, 187, 442, 121, 373, 173, 412, 311, 386, 402, 140, 242, 235, 493, 248, 109, 349, 169, 162, 24, 438, 57, 97, 27, 226, 489, 318, 129, 455, 291, 163, 84, 146, 486, 355, 218, 295, 361, 279, 483, 231, 452, 362, 488, 50, 67, 127, 192, 416, 225, 60, 479, 69, 71, 5, 368, 385, 370, 94, 450, 205, 511, 92, 240, 161, 348, 415, 128, 236, 457, 465, 219, 208, 324, 243, 190, 427, 499, 80, 164, 297, 433, 207, 172, 341, 424, 186, 316, 153, 227, 241, 338, 315, 19, 320, 337, 280, 76, 398, 266, 6, 199, 288, 65, 278, 400, 41, 414, 177, 367, 148, 86, 482, 238, 137, 296, 441]","[510, 102, 458, 474, 89, 215, 32, 216, 33, 304, 498, 416, 302, 119, 505, 270, 167, 479, 503, 442, 96, 303, 166, 171, 349, 170, 324, 138, 3, 389, 507, 261, 84, 249, 450, 280, 7, 286, 64, 272, 340, 472, 405, 322, 316, 311, 9, 25, 155, 242, 39, 17, 385, 182, 200, 212, 319, 489, 129, 355, 275, 91, 35, 377, 111, 351, 93, 356, 114, 117, 203, 297, 401, 481, 224, 421, 267, 191, 461, 231, 347, 27, 68, 50, 427, 433, 511, 12, 236, 204, 375, 134, 274, 431, 473, 36, 310, 327, 24, 40, 467, 477, 23, 413, 124, 449, 71, 53, 228, 98, 277, 179, 292, 276, 408, 143, 109, 82, 185, 313, 195, 345, 186, 371, 362, 148, 177, 412]",0.27,"[24, 27, 50, 71, 84, 89, 109, 129, 148, 177, 186, 231, 236, 242, 276, 280, 297, 311, 316, 324, 349, 355, 362, 385, 412, 416, 427, 433, 442, 450, 467, 479, 489, 511]"
23,128,"[418, 454, 232, 480, 211, 131, 97, 501, 160, 258, 227, 491, 182, 42, 356, 394, 17, 293, 81, 389, 487, 398, 249, 2, 147, 243, 301, 11, 446, 467, 448, 460, 345, 355, 300, 473, 311, 405, 110, 323, 474, 444, 325, 367, 104, 186, 366, 270, 16, 241, 381, 41, 307, 70, 134, 470, 98, 37, 51, 148, 231, 483, 481, 449, 29, 139, 415, 312, 219, 8, 198, 172, 508, 488, 471, 277, 346, 248, 341, 126, 72, 75, 343, 303, 178, 201, 34, 66, 331, 187, 19, 121, 335, 336, 410, 279, 339, 184, 506, 290, 164, 3, 36, 95, 196, 133, 414, 466, 347, 208, 431, 50, 319, 469, 67, 373, 146, 0, 286, 73, 291, 295, 327, 33, 350, 181, 269, 396]","[164, 356, 446, 319, 84, 134, 121, 98, 487, 184, 227, 316, 66, 287, 33, 41, 172, 506, 312, 317, 8, 476, 509, 341, 436, 303, 415, 418, 329, 238, 194, 254, 379, 431, 454, 502, 350, 355, 441, 336, 307, 421, 295, 366, 16, 220, 177, 398, 110, 96, 294, 456, 210, 45, 331, 28, 145, 286, 290, 201, 508, 330, 491, 171, 367, 97, 410, 30, 123, 252, 268, 196, 345, 89, 443, 344, 414, 81, 395, 235, 449, 471, 360, 211, 232, 458, 335, 128, 48, 480, 136, 270, 9, 148, 501, 282, 484, 221, 93, 34, 470, 153, 169, 343, 109, 362, 384, 187, 499, 365, 463, 301, 488, 473, 72, 20, 182, 236, 450, 195, 4, 95, 269, 346, 264, 178, 170, 406]",0.531,"[8, 16, 33, 34, 41, 66, 72, 81, 95, 97, 98, 110, 121, 134, 148, 164, 172, 178, 182, 184, 187, 196, 201, 211, 227, 232, 269, 270, 286, 290, 295, 301, 303, 307, 312, 319, 331, 335, 336, 341, 343, 345, 346, 350, 355, 356, 366, 367, 398, 410, 414, 415, 418, 431, 446, 449, 454, 470, 471, 473, 480, 487, 488, 491, 501, 506, 508]"
24,128,"[107, 29, 349, 67, 16, 396, 309, 174, 273, 155, 480, 399, 456, 325, 440, 209, 453, 48, 448, 242, 280, 1, 166, 143, 207, 430, 8, 41, 55, 397, 98, 288, 103, 334, 104, 417, 31, 97, 363, 330, 416, 297, 52, 425, 142, 376, 226, 154, 92, 400, 268, 505, 185, 202, 421, 179, 434, 415, 295, 356, 354, 390, 394, 317, 333, 313, 413, 153, 88, 151, 481, 260, 319, 419, 229, 232, 10, 122, 36, 18, 231, 377, 254, 253, 120, 40, 455, 126, 64, 113, 487, 490, 361, 375, 404, 131, 187, 175, 282, 403, 289, 54, 197, 501, 445, 34, 163, 341, 0, 42, 71, 275, 128, 431, 373, 493, 409, 183, 70, 61, 437, 149, 364, 255, 53, 152, 76, 463]","[497, 410, 302, 27, 196, 67, 412, 284, 481, 480, 371, 171, 297, 309, 2, 451, 475, 471, 437, 222, 174, 319, 363, 376, 16, 0, 250, 145, 448, 187, 248, 230, 144, 368, 356, 168, 301, 177, 126, 56, 353, 229, 508, 414, 68, 61, 82, 322, 42, 34, 403, 33, 3, 170, 382, 193, 338, 254, 285, 441, 505, 11, 227, 130, 138, 489, 64, 239, 45, 375, 406, 62, 453, 71, 49, 425, 231, 274, 361, 119, 354, 247, 415, 367, 417, 436, 88, 339, 92, 53, 216, 73, 207, 504, 487, 90, 449, 225, 141, 300, 495, 341, 419, 374, 210, 392, 400, 272, 427, 332, 282, 19, 379, 509, 397, 152, 315, 488, 242, 265, 122, 378, 155, 383, 66, 355, 4, 283]",0.373,"[0, 16, 34, 42, 53, 61, 64, 67, 71, 88, 92, 122, 126, 152, 155, 174, 187, 207, 229, 231, 242, 254, 282, 297, 309, 319, 341, 354, 356, 361, 363, 375, 376, 397, 400, 403, 415, 417, 419, 425, 437, 448, 453, 480, 481, 487, 505]"
25,128,"[308, 289, 201, 15, 72, 91, 234, 227, 18, 176, 496, 239, 62, 472, 410, 183, 482, 384, 497, 414, 427, 58, 438, 255, 368, 365, 280, 490, 336, 461, 366, 86, 231, 141, 163, 272, 344, 509, 1, 295, 315, 499, 488, 430, 284, 403, 44, 137, 175, 179, 129, 348, 128, 114, 235, 290, 10, 159, 273, 85, 324, 256, 385, 292, 77, 412, 29, 130, 73, 277, 298, 332, 367, 349, 61, 380, 236, 299, 147, 437, 357, 206, 268, 388, 102, 433, 320, 342, 445, 59, 487, 504, 116, 455, 460, 329, 139, 151, 428, 330, 111, 168, 246, 25, 351, 67, 397, 39, 339, 205, 199, 40, 399, 459, 49, 33, 41, 390, 32, 42, 132, 258, 120, 419, 286, 153, 14, 158]","[128, 438, 175, 294, 371, 487, 403, 344, 346, 62, 129, 109, 428, 76, 475, 295, 222, 198, 151, 223, 164, 509, 72, 113, 283, 33, 39, 179, 339, 139, 255, 308, 273, 10, 58, 171, 335, 4, 49, 343, 153, 291, 433, 66, 204, 27, 163, 29, 226, 491, 385, 384, 137, 32, 357, 482, 324, 336, 234, 23, 419, 40, 85, 44, 292, 138, 298, 199, 367, 41, 158, 296, 262, 351, 258, 67, 142, 469, 341, 315, 333, 86, 299, 73, 246, 239, 81, 284, 488, 159, 412, 342, 280, 445, 270, 36, 366, 26, 206, 183, 227, 368, 327, 306, 394, 272, 9, 147, 427, 461, 507, 496, 480, 490, 334, 236, 116, 51, 102, 460, 42, 390, 499, 1, 229, 201, 14, 365]",0.667,"[1, 10, 14, 29, 32, 33, 39, 40, 41, 42, 44, 49, 58, 62, 67, 72, 73, 85, 86, 102, 116, 128, 129, 137, 139, 147, 151, 153, 158, 159, 163, 175, 179, 183, 199, 201, 206, 227, 234, 236, 239, 246, 255, 258, 272, 273, 280, 284, 292, 295, 298, 299, 308, 315, 324, 336, 339, 342, 344, 351, 357, 365, 366, 367, 368, 384, 385, 390, 403, 412, 419, 427, 428, 433, 438, 445, 460, 461, 482, 487, 488, 490, 496, 499, 509]"
26,128,"[300, 23, 443, 218, 463, 413, 406, 308, 279, 298, 273, 41, 64, 221, 33, 164, 158, 344, 169, 382, 192, 388, 149, 378, 310, 5, 421, 89, 10, 54, 274, 150, 403, 389, 303, 360, 295, 497, 44, 288, 252, 173, 248, 469, 414, 97, 383, 128, 467, 343, 239, 390, 122, 79, 73, 29, 213, 459, 127, 256, 46, 187, 28, 260, 306, 47, 363, 435, 328, 276, 35, 491, 442, 134, 253, 80, 455, 352, 321, 393, 312, 110, 178, 137, 507, 259, 144, 351, 104, 353, 78, 240, 153, 199, 136, 227, 6, 95, 22, 224, 342, 216, 305, 70, 14, 77, 212, 154, 191, 280, 449, 441, 286, 157, 370, 87, 243, 484, 324, 66, 481, 45, 281, 255, 401, 327, 471, 359]","[451, 128, 70, 258, 166, 11, 32, 97, 372, 59, 391, 84, 274, 332, 424, 329, 487, 176, 444, 27, 411, 13, 457, 278, 224, 6, 366, 325, 447, 413, 197, 132, 134, 343, 24, 98, 79, 263, 49, 149, 169, 374, 12, 336, 118, 137, 327, 119, 468, 481, 173, 153, 243, 369, 394, 269, 35, 171, 311, 259, 504, 437, 151, 419, 476, 298, 245, 114, 267, 198, 211, 260, 66, 108, 60, 388, 7, 157, 492, 191, 255, 285, 77, 25, 33, 107, 282, 501, 28, 306, 104, 389, 402, 186, 484, 110, 47, 214, 256, 130, 491, 82, 136, 225, 376, 248, 367, 308, 91, 400, 384, 426, 22, 509, 140, 383, 305, 443, 127, 253, 281, 76, 163, 341, 21, 268, 41, 445]",0.384,"[6, 22, 28, 33, 35, 41, 47, 66, 70, 77, 79, 97, 104, 110, 127, 128, 134, 136, 137, 149, 153, 157, 169, 173, 191, 224, 243, 248, 253, 255, 256, 259, 260, 274, 281, 298, 305, 306, 308, 327, 343, 383, 388, 389, 413, 443, 481, 484, 491]"
27,128,"[274, 443, 350, 297, 30, 344, 222, 453, 14, 273, 134, 310, 122, 246, 175, 167, 79, 234, 201, 213, 157, 149, 73, 147, 460, 119, 496, 181, 311, 283, 248, 285, 6, 115, 466, 57, 325, 25, 476, 499, 351, 117, 378, 107, 26, 31, 263, 444, 170, 456, 74, 36, 133, 10, 154, 334, 86, 376, 110, 473, 239, 299, 129, 251, 109, 172, 178, 252, 292, 397, 492, 150, 395, 90, 116, 405, 102, 324, 41, 64, 450, 266, 227, 153, 385, 176, 323, 275, 436, 156, 54, 365, 105, 35, 494, 113, 278, 75, 412, 194, 279, 329, 112, 72, 3, 470, 223, 49, 389, 43, 487, 85, 464, 59, 259, 191, 322, 404, 5, 245, 46, 268, 62, 505, 407, 114, 212, 270]","[405, 223, 105, 436, 252, 510, 166, 170, 176, 422, 73, 134, 329, 191, 33, 71, 36, 419, 25, 292, 423, 136, 267, 149, 249, 245, 103, 461, 35, 110, 491, 351, 331, 407, 281, 499, 159, 311, 500, 312, 242, 112, 299, 244, 153, 410, 315, 361, 508, 46, 239, 275, 19, 259, 375, 147, 120, 417, 487, 486, 505, 279, 5, 132, 208, 126, 116, 23, 187, 264, 165, 473, 143, 404, 293, 376, 213, 84, 324, 172, 133, 57, 81, 355, 92, 113, 3, 76, 451, 296, 154, 50, 344, 352, 337, 464, 286, 378, 421, 59, 6, 462, 494, 156, 437, 10, 119, 61, 322, 180, 109, 254, 413, 129, 47, 258, 30, 482, 300, 310, 86, 251, 12, 122, 54, 446, 385, 151]",0.508,"[3, 5, 6, 10, 25, 30, 35, 36, 46, 54, 57, 59, 73, 86, 105, 109, 110, 112, 113, 116, 119, 122, 129, 133, 134, 147, 149, 153, 154, 156, 170, 172, 176, 191, 213, 223, 239, 245, 251, 252, 259, 275, 279, 292, 299, 310, 311, 322, 324, 329, 344, 351, 376, 378, 385, 404, 405, 407, 436, 464, 473, 487, 494, 499, 505]"
28,128,"[274, 154, 373, 2, 363, 488, 423, 101, 495, 191, 406, 135, 162, 467, 415, 470, 202, 293, 33, 356, 133, 510, 181, 95, 285, 205, 152, 118, 399, 89, 26, 235, 4, 257, 166, 60, 348, 5, 412, 430, 229, 74, 278, 76, 42, 12, 344, 254, 505, 457, 333, 271, 371, 456, 442, 256, 305, 267, 111, 242, 474, 130, 211, 247, 209, 102, 436, 410, 218, 361, 261, 203, 50, 404, 306, 6, 187, 35, 294, 478, 463, 184, 198, 287, 357, 330, 264, 432, 480, 141, 295, 286, 20, 494, 318, 240, 67, 188, 131, 454, 469, 100, 447, 292, 58, 13, 206, 93, 207, 364, 63, 9, 386, 347, 47, 150, 231, 212, 328, 221, 91, 1, 39, 336, 233, 87, 282, 297]","[490, 290, 291, 493, 336, 488, 137, 28, 261, 257, 371, 383, 406, 250, 283, 162, 485, 491, 153, 429, 264, 151, 100, 167, 205, 278, 391, 33, 384, 473, 436, 5, 127, 497, 218, 239, 240, 131, 89, 9, 437, 350, 305, 474, 22, 328, 24, 421, 404, 399, 390, 352, 68, 85, 412, 220, 297, 286, 419, 219, 441, 433, 161, 67, 164, 134, 7, 188, 128, 14, 66, 414, 212, 363, 2, 107, 463, 492, 231, 410, 235, 254, 76, 184, 309, 81, 241, 348, 454, 23, 56, 349, 276, 460, 304, 58, 118, 338, 415, 293, 333, 50, 361, 511, 63, 247, 141, 330, 79, 300, 4, 438, 72, 256, 469, 227, 459, 40, 6, 35, 274, 157, 317, 191, 457, 196, 510, 26]",0.488,"[2, 4, 5, 6, 9, 26, 33, 35, 50, 58, 63, 67, 76, 89, 100, 118, 131, 141, 162, 184, 188, 191, 205, 212, 218, 231, 235, 240, 247, 254, 256, 257, 261, 264, 274, 278, 286, 293, 297, 305, 328, 330, 333, 336, 348, 361, 363, 371, 399, 404, 406, 410, 412, 415, 436, 454, 457, 463, 469, 474, 488, 510]"
29,128,"[474, 256, 61, 373, 183, 20, 502, 480, 314, 225, 108, 283, 217, 25, 40, 430, 330, 388, 4, 452, 137, 417, 133, 163, 34, 322, 271, 445, 429, 450, 465, 483, 138, 447, 396, 58, 171, 92, 172, 428, 293, 476, 400, 311, 508, 169, 350, 149, 198, 28, 241, 317, 307, 194, 276, 63, 66, 56, 196, 178, 185, 79, 22, 497, 242, 166, 343, 162, 432, 438, 86, 381, 401, 310, 204, 305, 386, 129, 414, 18, 195, 323, 510, 214, 449, 148, 227, 352, 123, 170, 457, 230, 200, 319, 80, 151, 263, 282, 424, 273, 265, 266, 53, 209, 487, 356, 368, 262, 462, 156, 165, 468, 274, 48, 320, 75, 355, 37, 398, 277, 68, 255, 100, 203, 181, 367, 421, 374]","[350, 395, 414, 295, 185, 26, 277, 319, 462, 67, 108, 254, 318, 255, 430, 289, 292, 48, 19, 56, 375, 17, 381, 434, 329, 100, 28, 95, 143, 447, 155, 438, 187, 502, 274, 20, 147, 316, 330, 18, 296, 170, 169, 401, 367, 257, 273, 241, 310, 63, 79, 476, 46, 283, 203, 388, 305, 453, 487, 278, 474, 214, 433, 356, 270, 325, 74, 271, 373, 196, 209, 202, 176, 24, 225, 200, 151, 194, 172, 83, 123, 162, 99, 195, 387, 391, 452, 457, 171, 178, 10, 421, 117, 504, 347, 429, 374, 157, 468, 467, 243, 327, 80, 508, 368, 396, 149, 68, 483, 417, 168, 61, 382, 440, 280, 217, 238, 0, 501, 9, 269, 449, 262, 40, 398, 242, 272, 53]",0.587,"[18, 20, 28, 40, 48, 53, 56, 61, 63, 68, 79, 80, 100, 108, 123, 149, 151, 162, 169, 170, 171, 172, 178, 185, 194, 195, 196, 200, 203, 209, 214, 217, 225, 241, 242, 255, 262, 271, 273, 274, 277, 283, 305, 310, 319, 330, 350, 356, 367, 368, 373, 374, 381, 388, 396, 398, 401, 414, 417, 421, 429, 430, 438, 447, 449, 452, 457, 462, 468, 474, 476, 483, 487, 502, 508]"
30,128,"[354, 8, 376, 218, 200, 274, 290, 65, 313, 81, 298, 256, 443, 452, 58, 150, 251, 427, 495, 400, 470, 56, 217, 489, 432, 134, 461, 341, 235, 70, 193, 392, 425, 93, 258, 435, 46, 37, 36, 215, 429, 177, 165, 99, 370, 237, 286, 54, 241, 143, 141, 315, 201, 96, 283, 416, 266, 236, 162, 405, 146, 74, 62, 153, 387, 297, 322, 181, 437, 409, 13, 394, 247, 493, 136, 401, 511, 77, 234, 68, 35, 494, 311, 503, 261, 365, 507, 15, 229, 327, 508, 505, 198, 386, 426, 205, 384, 381, 398, 378, 159, 361, 282, 5, 18, 504, 481, 90, 38, 307, 506, 257, 172, 208, 275, 485, 73, 19, 430, 3, 337, 214, 211, 433, 373, 192, 357, 510]","[106, 205, 159, 493, 187, 495, 508, 339, 376, 257, 9, 426, 481, 247, 425, 500, 337, 461, 401, 354, 445, 172, 34, 258, 98, 275, 217, 38, 54, 184, 290, 165, 122, 169, 307, 289, 427, 64, 18, 103, 146, 261, 433, 282, 443, 167, 194, 73, 136, 301, 429, 463, 457, 485, 201, 112, 313, 204, 218, 276, 468, 19, 83, 141, 298, 150, 234, 386, 479, 96, 235, 190, 74, 332, 327, 344, 470, 68, 36, 447, 90, 236, 229, 143, 361, 432, 370, 251, 394, 430, 15, 504, 505, 431, 279, 193, 353, 62, 115, 400, 283, 365, 489, 46, 198, 341, 471, 241, 211, 5, 419, 311, 208, 266, 37, 506, 200, 452, 177, 286, 437, 503, 405, 303, 124, 212, 81, 438]",0.697,"[5, 15, 18, 19, 36, 37, 38, 46, 54, 62, 68, 73, 74, 81, 90, 96, 136, 141, 143, 146, 150, 159, 165, 172, 177, 193, 198, 200, 201, 205, 208, 211, 217, 218, 229, 234, 235, 236, 241, 247, 251, 257, 258, 261, 266, 275, 282, 283, 286, 290, 298, 307, 311, 313, 327, 337, 341, 354, 361, 365, 370, 376, 386, 394, 400, 401, 405, 425, 426, 427, 429, 430, 432, 433, 437, 443, 452, 461, 470, 481, 485, 489, 493, 495, 503, 504, 505, 506, 508]"
31,128,"[478, 239, 1, 380, 42, 465, 323, 76, 135, 244, 439, 69, 406, 491, 198, 343, 63, 169, 203, 204, 152, 240, 462, 115, 443, 369, 259, 107, 378, 177, 146, 276, 490, 88, 222, 328, 273, 345, 212, 281, 473, 0, 350, 28, 402, 216, 52, 102, 77, 375, 467, 319, 120, 73, 167, 20, 280, 450, 405, 75, 59, 268, 34, 338, 382, 367, 355, 16, 199, 64, 510, 208, 331, 55, 409, 143, 93, 14, 25, 411, 255, 474, 139, 193, 213, 49, 452, 260, 356, 311, 370, 231, 133, 337, 326, 247, 183, 475, 457, 9, 197, 250, 171, 455, 393, 186, 441, 316, 72, 484, 241, 219, 175, 156, 427, 61, 191, 463, 334, 347, 434, 309, 279, 26, 312, 84, 41, 285]","[171, 71, 452, 10, 447, 169, 152, 437, 474, 143, 248, 84, 78, 319, 146, 1, 292, 255, 69, 430, 32, 102, 93, 99, 107, 331, 260, 326, 7, 462, 145, 231, 290, 359, 426, 491, 259, 156, 347, 402, 36, 45, 328, 76, 19, 281, 192, 355, 106, 3, 154, 59, 240, 271, 239, 121, 227, 357, 28, 388, 393, 197, 307, 74, 73, 88, 507, 195, 188, 344, 377, 150, 434, 278, 363, 26, 244, 25, 9, 293, 378, 83, 334, 431, 64, 369, 446, 85, 501, 360, 136, 14, 177, 77, 34, 467, 191, 441, 42, 409, 280, 477, 510, 308, 204, 273, 342, 375, 432, 57, 0, 404, 349, 167, 193, 139, 16, 413, 337, 12, 316, 463, 367, 443, 51, 133, 159, 406]",0.57,"[0, 1, 9, 14, 16, 25, 26, 28, 34, 42, 59, 64, 69, 73, 76, 77, 84, 88, 93, 102, 107, 133, 139, 143, 146, 152, 156, 167, 169, 171, 177, 191, 193, 197, 204, 231, 239, 240, 244, 255, 259, 260, 273, 280, 281, 316, 319, 326, 328, 331, 334, 337, 347, 355, 367, 369, 375, 378, 393, 402, 406, 409, 434, 441, 443, 452, 462, 463, 467, 474, 491, 510]"
32,128,"[304, 406, 438, 221, 447, 419, 60, 413, 176, 57, 68, 169, 343, 253, 476, 255, 468, 58, 339, 498, 41, 115, 222, 77, 494, 308, 388, 128, 49, 357, 456, 315, 166, 227, 274, 37, 52, 381, 269, 147, 284, 334, 103, 506, 40, 214, 415, 124, 4, 231, 314, 340, 215, 421, 457, 404, 46, 241, 422, 348, 230, 24, 32, 130, 173, 252, 97, 383, 266, 245, 323, 393, 89, 140, 286, 267, 488, 365, 190, 311, 145, 347, 21, 203, 405, 218, 495, 417, 45, 291, 229, 402, 356, 198, 5, 443, 461, 366, 133, 268, 114, 399, 354, 435, 462, 280, 9, 477, 185, 310, 472, 120, 297, 490, 66, 259, 367, 105, 261, 188, 481, 174, 0, 455, 345, 324, 442, 427]","[452, 288, 367, 12, 209, 112, 104, 494, 503, 217, 488, 137, 41, 362, 369, 0, 443, 284, 150, 77, 89, 353, 371, 98, 308, 185, 446, 106, 304, 268, 269, 391, 471, 273, 142, 114, 182, 7, 173, 290, 192, 324, 432, 249, 32, 163, 59, 363, 122, 63, 500, 93, 410, 105, 364, 139, 124, 190, 168, 212, 355, 305, 61, 265, 334, 169, 405, 111, 333, 383, 310, 166, 456, 361, 296, 125, 259, 35, 397, 174, 195, 130, 343, 49, 100, 101, 194, 52, 184, 400, 430, 237, 4, 33, 427, 274, 138, 31, 231, 417, 140, 180, 402, 254, 390, 511, 294, 141, 380, 179, 401, 340, 82, 133, 227, 267, 468, 469, 323, 270, 21, 151, 306, 83, 378, 408, 92, 389]",0.376,"[0, 4, 21, 32, 41, 49, 52, 77, 89, 105, 114, 124, 130, 133, 140, 166, 169, 173, 174, 185, 190, 227, 231, 259, 267, 268, 269, 274, 284, 304, 308, 310, 323, 324, 334, 340, 343, 367, 383, 402, 405, 417, 427, 443, 456, 468, 488, 494]"
33,128,"[82, 237, 115, 138, 435, 113, 50, 87, 49, 461, 152, 494, 94, 194, 8, 84, 310, 411, 34, 402, 184, 367, 150, 444, 51, 497, 12, 414, 189, 1, 159, 386, 303, 45, 68, 390, 220, 149, 69, 294, 449, 191, 228, 147, 344, 219, 358, 507, 21, 78, 222, 11, 167, 75, 243, 55, 43, 233, 334, 70, 288, 485, 91, 41, 262, 318, 153, 265, 282, 343, 305, 205, 95, 235, 509, 125, 496, 160, 330, 108, 487, 455, 322, 502, 366, 236, 289, 342, 182, 486, 29, 13, 247, 197, 422, 439, 381, 306, 193, 3, 130, 427, 89, 122, 76, 23, 56, 397, 372, 139, 171, 468, 188, 284, 280, 278, 469, 128, 484, 357, 463, 309, 313, 239, 470, 437, 260, 46]","[495, 138, 55, 290, 504, 276, 395, 165, 273, 120, 436, 35, 349, 326, 282, 325, 193, 191, 388, 451, 293, 500, 188, 215, 444, 381, 415, 185, 161, 27, 479, 248, 376, 468, 377, 411, 355, 128, 252, 51, 1, 260, 218, 296, 447, 16, 49, 194, 174, 426, 310, 424, 421, 422, 399, 359, 412, 60, 53, 46, 171, 207, 263, 139, 330, 254, 409, 24, 496, 305, 256, 443, 285, 126, 78, 106, 295, 98, 152, 164, 50, 65, 402, 61, 484, 318, 494, 469, 486, 278, 20, 383, 134, 146, 511, 292, 365, 343, 115, 294, 25, 127, 160, 189, 199, 29, 393, 288, 186, 403, 3, 227, 309, 316, 391, 205, 195, 169, 238, 163, 463, 222, 159, 83, 470, 197, 439, 284]",0.403,"[1, 3, 29, 46, 49, 50, 51, 55, 78, 115, 128, 138, 139, 152, 159, 160, 171, 188, 189, 191, 193, 194, 197, 205, 222, 260, 278, 282, 284, 288, 294, 305, 309, 310, 318, 330, 343, 381, 402, 411, 422, 439, 444, 463, 468, 469, 470, 484, 486, 494, 496]"
34,128,"[374, 156, 44, 28, 114, 455, 383, 323, 103, 461, 90, 254, 89, 411, 329, 385, 283, 157, 330, 290, 101, 473, 509, 120, 418, 221, 238, 343, 203, 257, 366, 11, 404, 213, 498, 457, 39, 389, 268, 47, 478, 191, 151, 423, 501, 176, 76, 278, 352, 322, 450, 147, 192, 298, 128, 66, 146, 370, 363, 37, 245, 256, 337, 447, 86, 14, 247, 197, 321, 36, 242, 209, 248, 78, 230, 285, 451, 131, 405, 241, 304, 434, 15, 196, 67, 318, 311, 324, 425, 12, 223, 236, 38, 159, 279, 106, 152, 491, 150, 231, 30, 467, 189, 129, 353, 316, 56, 464, 179, 288, 379, 199, 68, 301, 271, 302, 460, 489, 393, 35, 1, 306, 98, 376, 49, 342, 388, 64]","[246, 86, 283, 107, 272, 460, 23, 497, 152, 404, 79, 366, 389, 388, 299, 11, 380, 56, 473, 65, 30, 276, 450, 311, 314, 90, 446, 12, 494, 418, 457, 489, 114, 184, 122, 491, 16, 397, 209, 108, 87, 7, 140, 133, 490, 106, 128, 425, 151, 356, 173, 199, 189, 492, 192, 308, 411, 413, 291, 431, 217, 181, 400, 340, 149, 385, 37, 197, 230, 405, 190, 434, 66, 42, 49, 278, 127, 467, 279, 14, 421, 320, 62, 36, 210, 390, 113, 100, 142, 298, 381, 433, 228, 82, 263, 157, 98, 84, 269, 303, 406, 266, 241, 350, 83, 118, 131, 469, 67, 203, 101, 254, 50, 236, 504, 374, 191, 244, 408, 316, 342, 477, 396, 360, 287, 15, 176, 68]",0.471,"[11, 12, 14, 15, 30, 36, 37, 49, 56, 66, 67, 68, 86, 90, 98, 101, 106, 114, 128, 131, 151, 152, 157, 176, 189, 191, 192, 197, 199, 203, 209, 230, 236, 241, 254, 278, 279, 283, 298, 311, 316, 342, 366, 374, 385, 388, 389, 404, 405, 411, 418, 425, 434, 450, 457, 460, 467, 473, 489, 491]"
35,128,"[450, 441, 295, 281, 422, 145, 26, 351, 137, 133, 237, 505, 71, 391, 299, 360, 14, 408, 102, 381, 136, 393, 355, 152, 43, 2, 444, 241, 452, 500, 259, 287, 317, 437, 218, 7, 285, 123, 35, 363, 410, 405, 449, 92, 296, 85, 474, 297, 103, 231, 491, 60, 367, 392, 368, 341, 264, 457, 271, 507, 184, 331, 396, 228, 62, 289, 420, 476, 142, 74, 504, 243, 88, 229, 0, 254, 427, 153, 373, 225, 108, 214, 463, 161, 19, 188, 399, 66, 205, 1, 20, 288, 267, 366, 31, 249, 224, 8, 459, 315, 509, 104, 130, 219, 365, 233, 386, 191, 76, 221, 140, 186, 109, 227, 298, 86, 275, 471, 165, 354, 370, 203, 352, 438, 69, 226, 18, 403]","[463, 411, 86, 297, 44, 366, 92, 296, 8, 334, 430, 221, 241, 367, 473, 295, 301, 123, 96, 420, 437, 214, 26, 53, 75, 474, 203, 7, 104, 94, 293, 218, 226, 69, 279, 249, 206, 142, 365, 438, 237, 288, 22, 509, 431, 64, 111, 442, 224, 396, 370, 134, 184, 20, 422, 227, 130, 154, 2, 110, 289, 277, 410, 408, 357, 103, 317, 298, 102, 62, 233, 377, 263, 186, 504, 446, 48, 418, 121, 352, 501, 360, 135, 205, 259, 341, 287, 152, 21, 368, 55, 15, 228, 76, 328, 432, 133, 191, 169, 188, 459, 12, 469, 66, 505, 60, 457, 477, 281, 71, 491, 140, 31, 393, 165, 264, 403, 73, 404, 11, 461, 496, 174, 109, 127, 450, 254, 331]",0.64,"[2, 7, 8, 20, 26, 31, 60, 62, 66, 69, 71, 76, 86, 92, 102, 103, 104, 109, 123, 130, 133, 140, 142, 152, 165, 184, 186, 188, 191, 203, 205, 214, 218, 221, 224, 226, 227, 228, 233, 237, 241, 249, 254, 259, 264, 281, 287, 288, 289, 295, 296, 297, 298, 317, 331, 341, 352, 360, 365, 366, 367, 368, 370, 393, 396, 403, 408, 410, 420, 422, 437, 438, 450, 457, 459, 463, 474, 491, 504, 505, 509]"
36,128,"[292, 76, 74, 127, 146, 287, 164, 330, 44, 50, 335, 411, 110, 461, 188, 89, 490, 159, 511, 492, 314, 97, 435, 455, 88, 18, 296, 169, 495, 410, 184, 59, 255, 279, 283, 91, 150, 23, 299, 62, 182, 165, 356, 240, 418, 415, 355, 280, 139, 30, 57, 77, 190, 336, 37, 194, 293, 221, 137, 275, 439, 104, 55, 214, 36, 22, 453, 318, 343, 79, 427, 203, 379, 200, 61, 302, 346, 254, 387, 467, 172, 405, 362, 0, 224, 107, 35, 220, 294, 466, 352, 173, 152, 60, 64, 209, 51, 476, 371, 340, 136, 19, 477, 392, 462, 183, 396, 170, 1, 432, 498, 56, 357, 372, 428, 484, 66, 140, 181, 49, 444, 414, 102, 311, 32, 431, 108, 485]","[311, 357, 220, 306, 384, 190, 429, 96, 420, 372, 183, 166, 116, 65, 495, 309, 125, 475, 31, 18, 413, 285, 244, 165, 195, 151, 494, 336, 219, 67, 64, 107, 89, 302, 493, 471, 38, 374, 399, 130, 386, 451, 256, 196, 297, 114, 254, 94, 106, 169, 455, 144, 185, 101, 231, 15, 175, 131, 179, 30, 120, 45, 408, 424, 57, 469, 189, 321, 490, 371, 499, 50, 39, 76, 4, 461, 149, 264, 361, 198, 305, 108, 197, 466, 229, 54, 373, 464, 412, 152, 323, 252, 463, 303, 217, 132, 477, 344, 21, 112, 489, 442, 462, 158, 501, 492, 393, 7, 395, 448, 236, 380, 171, 140, 141, 14, 139, 341, 226, 191, 382, 332, 245, 40, 103, 19, 193, 389]",0.259,"[18, 19, 30, 50, 57, 64, 76, 89, 107, 108, 139, 140, 152, 165, 169, 183, 190, 220, 254, 302, 311, 336, 357, 371, 372, 455, 461, 462, 466, 477, 490, 492, 495]"
37,128,"[286, 227, 411, 397, 304, 189, 322, 359, 259, 476, 145, 42, 112, 382, 187, 324, 225, 299, 323, 247, 257, 349, 221, 420, 338, 61, 79, 91, 95, 262, 439, 434, 492, 205, 288, 70, 3, 38, 163, 438, 295, 313, 404, 164, 258, 150, 32, 433, 282, 14, 337, 351, 391, 191, 74, 86, 373, 471, 16, 224, 26, 474, 119, 186, 401, 375, 135, 317, 110, 188, 263, 481, 371, 76, 290, 127, 289, 475, 231, 105, 69, 446, 17, 56, 160, 449, 470, 80, 406, 233, 183, 122, 320, 341, 478, 402, 505, 333, 93, 318, 407, 315, 394, 336, 88, 123, 352, 229, 19, 346, 185, 181, 414, 319, 510, 500, 399, 169, 238, 484, 460, 1, 452, 307, 120, 489, 219, 264]","[119, 247, 313, 254, 186, 79, 461, 197, 307, 32, 135, 42, 17, 64, 3, 112, 369, 76, 439, 453, 187, 317, 492, 211, 123, 263, 188, 411, 414, 318, 169, 370, 337, 434, 394, 191, 474, 504, 138, 389, 315, 498, 289, 124, 489, 182, 349, 376, 391, 185, 238, 386, 319, 476, 88, 359, 304, 353, 8, 375, 251, 329, 290, 404, 261, 192, 244, 224, 500, 56, 218, 322, 70, 96, 470, 67, 399, 397, 183, 216, 460, 227, 505, 332, 285, 36, 93, 86, 264, 388, 16, 232, 220, 311, 160, 189, 457, 145, 325, 65, 178, 43, 242, 324, 201, 484, 221, 286, 338, 61, 108, 259, 341, 299, 432, 478, 80, 420, 181, 438, 121, 406, 144, 282, 27, 475, 262, 402]",0.643,"[3, 16, 17, 32, 42, 56, 61, 70, 76, 79, 80, 86, 88, 93, 112, 119, 123, 135, 145, 160, 169, 181, 183, 185, 186, 187, 188, 189, 191, 221, 224, 227, 238, 247, 259, 262, 263, 264, 282, 286, 289, 290, 299, 304, 307, 313, 315, 317, 318, 319, 322, 324, 337, 338, 341, 349, 359, 375, 391, 394, 397, 399, 402, 404, 406, 411, 414, 420, 434, 438, 439, 460, 470, 474, 475, 476, 478, 484, 489, 492, 500, 505]"
38,128,"[297, 41, 288, 383, 166, 34, 253, 45, 387, 302, 97, 272, 231, 169, 58, 426, 294, 24, 486, 40, 340, 227, 147, 54, 116, 91, 334, 10, 220, 241, 213, 459, 36, 461, 163, 121, 262, 278, 277, 350, 188, 84, 22, 157, 234, 118, 49, 355, 5, 371, 215, 87, 506, 20, 496, 122, 219, 441, 418, 181, 403, 224, 268, 415, 73, 430, 400, 81, 140, 318, 53, 285, 98, 232, 364, 456, 151, 395, 259, 142, 462, 3, 381, 296, 152, 237, 348, 135, 106, 242, 0, 345, 353, 266, 4, 337, 126, 160, 438, 68, 176, 406, 252, 386, 320, 229, 112, 443, 311, 341, 267, 258, 274, 449, 369, 432, 300, 384, 102, 435, 464, 177, 500, 470, 328, 445, 491, 487]","[40, 237, 128, 303, 114, 436, 280, 497, 302, 244, 334, 241, 81, 328, 349, 215, 147, 219, 364, 65, 428, 403, 491, 350, 181, 373, 213, 240, 506, 15, 262, 433, 435, 0, 486, 398, 127, 430, 455, 496, 109, 208, 462, 266, 441, 248, 239, 163, 281, 22, 480, 252, 390, 193, 23, 354, 348, 157, 20, 3, 67, 107, 84, 234, 386, 87, 381, 459, 121, 353, 415, 406, 311, 118, 49, 426, 73, 200, 272, 443, 504, 90, 102, 296, 351, 371, 54, 285, 295, 345, 229, 277, 126, 288, 176, 191, 165, 418, 324, 195, 474, 188, 142, 16, 470, 45, 369, 98, 274, 152, 36, 259, 471, 97, 5, 361, 449, 91, 383, 138, 231, 166, 227, 461, 162, 4, 186, 122]",0.653,"[0, 3, 4, 5, 20, 22, 36, 40, 45, 49, 54, 73, 81, 84, 87, 91, 97, 98, 102, 118, 121, 122, 126, 142, 147, 152, 157, 163, 166, 176, 181, 188, 213, 215, 219, 227, 229, 231, 234, 237, 241, 252, 259, 262, 266, 272, 274, 277, 285, 288, 296, 302, 311, 328, 334, 345, 348, 350, 353, 364, 369, 371, 381, 383, 386, 403, 406, 415, 418, 426, 430, 435, 441, 443, 449, 459, 461, 462, 470, 486, 491, 496, 506]"
39,128,"[322, 5, 151, 163, 223, 323, 220, 98, 260, 40, 55, 367, 447, 139, 486, 108, 218, 77, 253, 378, 472, 75, 174, 71, 506, 414, 63, 430, 467, 303, 438, 262, 335, 355, 3, 16, 377, 197, 376, 200, 379, 311, 27, 361, 270, 124, 157, 432, 443, 264, 11, 189, 70, 36, 121, 385, 395, 421, 69, 358, 120, 92, 252, 50, 53, 442, 116, 321, 105, 356, 371, 453, 507, 245, 90, 188, 134, 52, 281, 39, 380, 86, 353, 302, 240, 389, 396, 46, 261, 179, 153, 317, 132, 184, 365, 148, 334, 498, 482, 413, 329, 191, 79, 161, 374, 489, 60, 469, 109, 456, 477, 318, 178, 130, 299, 381, 417, 165, 478, 64, 343, 97, 172, 352, 416, 215, 103, 493]","[293, 330, 472, 112, 414, 431, 443, 401, 336, 355, 477, 46, 11, 381, 75, 23, 385, 61, 197, 429, 163, 16, 339, 288, 379, 64, 121, 365, 396, 216, 309, 497, 438, 10, 325, 361, 498, 153, 307, 421, 36, 270, 434, 161, 377, 82, 9, 208, 357, 500, 299, 191, 200, 130, 184, 265, 322, 466, 174, 395, 25, 86, 469, 165, 32, 120, 503, 388, 220, 318, 380, 151, 179, 245, 78, 79, 70, 303, 132, 442, 110, 136, 302, 69, 189, 223, 134, 253, 374, 162, 456, 52, 3, 96, 148, 15, 40, 291, 260, 104, 157, 409, 489, 502, 329, 427, 98, 482, 332, 310, 172, 139, 311, 287, 259, 384, 281, 486, 42, 279, 453, 262, 353, 467, 246, 426, 103, 188]",0.621,"[3, 11, 16, 36, 40, 46, 52, 64, 69, 70, 75, 79, 86, 98, 103, 120, 121, 130, 132, 134, 139, 148, 151, 153, 157, 161, 163, 165, 172, 174, 179, 184, 188, 189, 191, 197, 200, 220, 223, 245, 253, 260, 262, 270, 281, 299, 302, 303, 311, 318, 322, 329, 353, 355, 361, 365, 374, 377, 379, 380, 381, 385, 395, 396, 414, 421, 438, 442, 443, 453, 456, 467, 469, 472, 477, 482, 486, 489, 498]"
40,128,"[233, 217, 266, 55, 492, 65, 388, 124, 241, 112, 359, 224, 126, 256, 13, 491, 77, 94, 7, 441, 226, 390, 405, 350, 426, 425, 387, 440, 128, 385, 99, 347, 103, 494, 265, 211, 439, 162, 275, 204, 74, 276, 169, 509, 164, 451, 138, 248, 228, 143, 63, 288, 302, 354, 345, 466, 457, 235, 144, 380, 273, 305, 52, 464, 435, 229, 118, 19, 448, 428, 238, 125, 368, 34, 76, 470, 10, 370, 270, 295, 419, 37, 231, 133, 356, 146, 363, 262, 110, 458, 272, 352, 16, 1, 326, 408, 301, 181, 508, 188, 258, 481, 208, 202, 172, 56, 135, 412, 468, 81, 304, 170, 427, 159, 106, 97, 307, 205, 358, 349, 42, 339, 234, 333, 493, 173, 100, 472]","[56, 270, 290, 350, 292, 380, 238, 405, 171, 259, 65, 326, 337, 398, 217, 354, 135, 103, 304, 97, 213, 466, 226, 193, 126, 413, 235, 366, 412, 499, 210, 423, 37, 427, 94, 249, 376, 322, 143, 370, 352, 383, 502, 52, 333, 8, 388, 508, 402, 462, 428, 293, 272, 169, 275, 233, 104, 198, 306, 486, 170, 455, 2, 41, 460, 261, 450, 205, 55, 74, 494, 228, 472, 13, 95, 389, 129, 91, 408, 481, 262, 434, 454, 199, 503, 181, 297, 488, 93, 98, 246, 66, 421, 393, 348, 118, 419, 504, 345, 360, 63, 312, 351, 96, 36, 159, 120, 367, 448, 415, 207, 35, 344, 307, 106, 162, 146, 394, 229, 276, 289, 206, 6, 252, 100, 255, 21, 241]",0.473,"[13, 37, 52, 55, 56, 63, 65, 74, 94, 97, 100, 103, 106, 118, 126, 135, 143, 146, 159, 162, 169, 170, 181, 205, 217, 226, 228, 229, 233, 235, 238, 241, 262, 270, 272, 275, 276, 304, 307, 326, 333, 345, 350, 352, 354, 370, 380, 388, 405, 408, 412, 419, 427, 428, 448, 466, 472, 481, 494, 508]"
41,128,"[351, 84, 467, 199, 476, 422, 103, 361, 87, 407, 152, 334, 510, 449, 276, 23, 443, 423, 130, 115, 208, 359, 339, 134, 421, 234, 163, 219, 232, 312, 164, 202, 9, 74, 175, 98, 472, 6, 288, 158, 383, 419, 346, 341, 33, 221, 412, 344, 114, 206, 223, 174, 380, 51, 408, 63, 154, 430, 382, 48, 294, 284, 217, 148, 59, 282, 242, 236, 455, 18, 266, 262, 265, 384, 222, 47, 22, 204, 298, 281, 49, 336, 147, 8, 224, 58, 160, 475, 101, 318, 72, 241, 106, 137, 93, 322, 31, 503, 468, 95, 355, 144, 176, 387, 170, 402, 66, 183, 138, 7, 278, 395, 127, 297, 247, 508, 69, 260, 280, 313, 424, 397, 364, 330, 124, 332, 461, 442]","[26, 422, 66, 423, 497, 93, 359, 8, 4, 310, 294, 341, 292, 158, 206, 465, 332, 496, 476, 419, 307, 127, 308, 84, 499, 384, 202, 22, 268, 185, 278, 482, 364, 100, 326, 78, 50, 69, 352, 443, 71, 25, 372, 498, 44, 257, 325, 395, 59, 164, 137, 72, 258, 390, 151, 412, 223, 261, 494, 329, 131, 280, 132, 430, 213, 322, 303, 187, 389, 101, 217, 468, 444, 474, 234, 145, 284, 260, 275, 37, 408, 445, 190, 485, 70, 147, 358, 60, 461, 315, 333, 478, 344, 23, 437, 107, 232, 7, 143, 17, 382, 314, 173, 90, 182, 406, 455, 176, 492, 96, 128, 150, 450, 10, 298, 392, 365, 396, 370, 269, 231, 241, 103, 355, 40, 31, 282, 186]",0.424,"[7, 8, 22, 23, 31, 59, 66, 69, 72, 84, 93, 101, 103, 127, 137, 147, 158, 164, 176, 202, 206, 217, 223, 232, 234, 241, 260, 278, 280, 282, 284, 294, 298, 322, 332, 341, 344, 355, 359, 364, 382, 384, 395, 408, 412, 419, 422, 423, 430, 443, 455, 461, 468, 476]"
42,128,"[14, 323, 457, 345, 498, 38, 104, 36, 45, 103, 427, 328, 422, 137, 292, 326, 265, 270, 3, 274, 244, 435, 354, 391, 157, 199, 293, 331, 322, 353, 213, 188, 486, 474, 277, 263, 127, 13, 262, 174, 207, 125, 414, 272, 247, 132, 493, 161, 309, 29, 491, 434, 385, 425, 280, 10, 389, 346, 99, 145, 471, 463, 148, 251, 287, 460, 186, 28, 304, 483, 49, 151, 122, 8, 102, 301, 470, 306, 296, 93, 342, 201, 6, 431, 178, 183, 167, 59, 214, 203, 278, 394, 379, 268, 399, 32, 452, 216, 154, 206, 37, 475, 21, 225, 168, 291, 325, 1, 284, 330, 113, 50, 269, 98, 335, 505, 4, 44, 20, 383, 413, 409, 197, 316, 454, 109, 202, 179]","[173, 13, 98, 172, 330, 307, 389, 247, 409, 217, 262, 351, 256, 271, 222, 117, 459, 333, 275, 498, 72, 144, 100, 296, 304, 4, 174, 36, 205, 175, 413, 366, 417, 463, 70, 327, 116, 234, 6, 326, 56, 201, 180, 422, 342, 31, 470, 495, 265, 227, 427, 334, 511, 465, 11, 348, 251, 298, 416, 377, 37, 364, 188, 34, 59, 184, 446, 165, 268, 290, 411, 224, 24, 471, 104, 381, 299, 235, 153, 405, 122, 110, 287, 383, 331, 359, 412, 391, 426, 488, 433, 20, 125, 302, 320, 49, 127, 415, 87, 113, 179, 363, 213, 27, 141, 248, 86, 323, 216, 362, 429, 369, 210, 154, 325, 8, 352, 244, 124, 134, 63, 449, 267, 129, 264, 42, 272, 67]",0.385,"[4, 6, 8, 13, 20, 36, 37, 49, 59, 98, 104, 113, 122, 125, 127, 154, 174, 179, 188, 201, 213, 216, 244, 247, 251, 262, 265, 268, 272, 287, 296, 304, 323, 325, 326, 330, 331, 342, 383, 389, 391, 409, 413, 422, 427, 463, 470, 471, 498]"
43,128,"[393, 455, 177, 88, 200, 432, 132, 375, 246, 292, 16, 32, 33, 199, 343, 403, 366, 95, 194, 91, 448, 60, 229, 346, 196, 307, 189, 252, 396, 392, 235, 394, 178, 111, 282, 141, 377, 349, 364, 322, 338, 503, 508, 134, 218, 205, 53, 326, 219, 427, 109, 340, 333, 3, 216, 112, 476, 133, 376, 454, 410, 204, 283, 131, 263, 49, 167, 373, 165, 143, 287, 171, 214, 99, 128, 231, 266, 164, 281, 299, 259, 92, 411, 87, 176, 345, 412, 510, 439, 212, 15, 159, 158, 56, 31, 293, 210, 466, 483, 297, 146, 42, 464, 174, 55, 277, 359, 172, 74, 66, 67, 119, 390, 422, 279, 479, 20, 103, 350, 85, 445, 367, 413, 255, 385, 285, 50, 14]","[115, 470, 161, 228, 68, 137, 401, 293, 304, 72, 55, 65, 49, 103, 97, 453, 297, 134, 509, 191, 285, 283, 473, 263, 178, 472, 188, 50, 183, 31, 135, 303, 189, 77, 261, 272, 463, 3, 158, 104, 312, 259, 152, 59, 246, 95, 396, 279, 340, 87, 449, 510, 248, 503, 140, 266, 132, 67, 333, 295, 411, 125, 454, 139, 483, 250, 471, 387, 347, 5, 61, 323, 276, 176, 88, 424, 51, 36, 29, 229, 299, 474, 395, 262, 403, 301, 81, 455, 257, 10, 364, 497, 504, 306, 410, 353, 336, 260, 310, 322, 397, 368, 73, 247, 314, 238, 177, 226, 431, 500, 52, 350, 251, 462, 278, 128, 359, 363, 146, 84, 167, 404, 352, 101, 93, 20, 402, 292]",0.379,"[3, 20, 31, 49, 50, 55, 67, 87, 88, 95, 103, 128, 132, 134, 146, 158, 167, 176, 177, 178, 189, 229, 246, 259, 263, 266, 279, 283, 285, 292, 293, 297, 299, 322, 333, 340, 350, 359, 364, 396, 403, 410, 411, 454, 455, 483, 503, 510]"
44,128,"[403, 260, 115, 165, 455, 283, 83, 329, 180, 266, 168, 444, 95, 436, 255, 390, 358, 360, 61, 471, 468, 241, 20, 273, 271, 15, 156, 254, 366, 110, 48, 75, 472, 498, 63, 378, 223, 201, 301, 104, 118, 67, 186, 9, 47, 251, 119, 80, 117, 76, 442, 302, 98, 375, 317, 146, 258, 93, 303, 426, 103, 344, 127, 13, 41, 144, 464, 234, 397, 215, 257, 350, 152, 128, 316, 57, 190, 66, 200, 219, 68, 422, 508, 265, 52, 476, 256, 151, 413, 25, 491, 268, 352, 169, 448, 109, 171, 131, 282, 486, 267, 17, 445, 311, 419, 453, 56, 417, 475, 290, 72, 447, 441, 148, 370, 163, 509, 458, 35, 101, 198, 26, 178, 248, 206, 244, 228, 278]","[41, 509, 56, 378, 200, 468, 35, 491, 265, 258, 508, 160, 61, 75, 256, 57, 141, 267, 152, 260, 426, 403, 358, 182, 98, 263, 375, 389, 110, 444, 344, 316, 302, 329, 240, 53, 303, 148, 314, 68, 144, 66, 353, 5, 268, 441, 168, 103, 178, 282, 471, 257, 206, 52, 118, 60, 290, 9, 458, 195, 83, 317, 175, 6, 366, 350, 142, 63, 278, 198, 201, 128, 345, 109, 219, 153, 127, 253, 438, 101, 371, 155, 273, 407, 228, 453, 48, 169, 251, 266, 50, 402, 255, 475, 72, 186, 26, 67, 119, 311, 298, 419, 93, 76, 409, 289, 352, 254, 399, 131, 283, 498, 328, 310, 360, 95, 370, 117, 0, 390, 80, 271, 478, 15, 301, 235, 115, 223]",0.749,"[9, 15, 26, 35, 41, 48, 52, 56, 57, 61, 63, 66, 67, 68, 72, 75, 76, 80, 83, 93, 95, 98, 101, 103, 109, 110, 115, 117, 118, 119, 127, 128, 131, 144, 148, 152, 168, 169, 178, 186, 198, 200, 201, 206, 219, 223, 228, 251, 254, 255, 256, 257, 258, 260, 265, 266, 267, 268, 271, 273, 278, 282, 283, 290, 301, 302, 303, 311, 316, 317, 329, 344, 350, 352, 358, 360, 366, 370, 375, 378, 390, 403, 419, 426, 441, 444, 453, 458, 468, 471, 475, 491, 498, 508, 509]"
45,128,"[85, 322, 492, 145, 28, 295, 259, 316, 93, 486, 122, 116, 252, 224, 162, 247, 314, 499, 457, 466, 6, 123, 285, 48, 270, 47, 305, 384, 257, 349, 256, 4, 455, 374, 16, 81, 429, 157, 253, 437, 98, 414, 181, 169, 284, 248, 266, 301, 171, 275, 209, 463, 309, 307, 58, 188, 56, 233, 172, 130, 490, 151, 239, 242, 30, 126, 342, 35, 99, 507, 61, 32, 398, 415, 477, 182, 410, 381, 215, 391, 94, 371, 406, 369, 315, 276, 193, 380, 289, 403, 37, 495, 488, 202, 497, 189, 117, 141, 138, 401, 370, 178, 17, 388, 331, 323, 62, 154, 155, 485, 195, 484, 338, 173, 175, 55, 443, 21, 360, 281, 165, 213, 418, 282, 243, 396, 38, 33]","[145, 318, 67, 218, 287, 51, 445, 165, 310, 134, 257, 309, 308, 48, 153, 212, 93, 279, 425, 202, 231, 430, 184, 161, 274, 432, 88, 469, 31, 507, 86, 451, 89, 233, 169, 484, 352, 0, 238, 239, 273, 499, 241, 248, 179, 30, 105, 156, 99, 119, 356, 133, 376, 267, 429, 29, 224, 21, 480, 285, 442, 204, 301, 221, 333, 58, 85, 199, 230, 126, 196, 289, 474, 210, 463, 364, 371, 391, 121, 43, 477, 28, 407, 435, 315, 456, 343, 299, 10, 489, 110, 4, 302, 268, 50, 175, 437, 226, 266, 363, 152, 164, 36, 127, 167, 125, 398, 52, 96, 190, 471, 312, 493, 11, 73, 393, 219, 236, 479, 59, 176, 351, 475, 38, 410, 143, 49, 132]",0.304,"[4, 21, 28, 30, 38, 48, 58, 85, 93, 99, 126, 145, 165, 169, 175, 202, 224, 233, 239, 248, 257, 266, 285, 289, 301, 309, 315, 371, 391, 398, 410, 429, 437, 463, 477, 484, 499, 507]"
46,128,"[440, 126, 252, 59, 266, 490, 69, 52, 92, 62, 182, 491, 91, 235, 94, 208, 206, 145, 134, 101, 136, 110, 395, 399, 239, 474, 329, 375, 128, 379, 299, 0, 71, 31, 119, 42, 104, 496, 4, 216, 82, 158, 226, 209, 417, 354, 63, 330, 212, 279, 476, 160, 424, 187, 435, 37, 277, 502, 217, 325, 311, 68, 372, 99, 454, 242, 227, 350, 450, 35, 312, 349, 250, 112, 478, 153, 168, 386, 22, 233, 431, 463, 67, 46, 54, 185, 195, 415, 511, 219, 275, 483, 49, 348, 331, 297, 213, 186, 268, 171, 296, 11, 259, 451, 201, 113, 16, 319, 231, 389, 283, 304, 253, 199, 292, 347, 298, 273, 133, 507, 40, 148, 103, 1, 374, 365, 223, 271]","[256, 347, 386, 186, 483, 399, 282, 464, 359, 112, 269, 52, 292, 67, 259, 126, 158, 302, 331, 385, 219, 235, 511, 374, 46, 415, 311, 389, 283, 375, 49, 372, 40, 168, 160, 318, 417, 208, 227, 365, 455, 297, 392, 388, 492, 91, 99, 431, 379, 35, 478, 268, 81, 349, 104, 507, 363, 22, 69, 195, 275, 193, 299, 148, 123, 86, 319, 451, 312, 31, 101, 239, 253, 62, 38, 295, 33, 488, 266, 273, 68, 304, 467, 373, 475, 327, 248, 8, 164, 221, 350, 180, 63, 469, 391, 134, 103, 154, 201, 119, 329, 449, 0, 250, 342, 398, 54, 242, 11, 252, 424, 228, 383, 432, 348, 90, 508, 82, 24, 217, 133, 4, 474, 356, 454, 113, 476, 1]",0.665,"[0, 1, 4, 11, 22, 31, 35, 40, 46, 49, 52, 54, 62, 63, 67, 68, 69, 82, 91, 99, 101, 103, 104, 112, 113, 119, 126, 133, 134, 148, 158, 160, 168, 186, 195, 201, 208, 217, 219, 227, 235, 239, 242, 250, 252, 253, 259, 266, 268, 273, 275, 283, 292, 297, 299, 304, 311, 312, 319, 329, 331, 347, 348, 349, 350, 365, 372, 374, 375, 379, 386, 389, 399, 415, 417, 424, 431, 451, 454, 474, 476, 478, 483, 507, 511]"
47,128,"[410, 139, 447, 312, 185, 496, 156, 113, 195, 226, 277, 403, 405, 90, 481, 326, 117, 461, 18, 452, 58, 83, 237, 248, 100, 355, 42, 180, 315, 141, 62, 110, 434, 395, 190, 353, 219, 280, 105, 471, 202, 376, 28, 401, 199, 75, 13, 330, 103, 244, 227, 509, 446, 72, 273, 145, 104, 373, 307, 96, 272, 393, 54, 215, 225, 439, 44, 252, 361, 17, 208, 418, 425, 8, 175, 318, 177, 229, 333, 85, 134, 109, 476, 129, 304, 224, 171, 494, 451, 172, 57, 193, 115, 188, 310, 394, 39, 334, 74, 282, 501, 174, 138, 287, 250, 118, 159, 344, 168, 375, 380, 178, 420, 47, 480, 458, 438, 462, 112, 187, 245, 323, 443, 276, 301, 181, 316, 114]","[479, 287, 325, 280, 437, 42, 410, 156, 98, 401, 250, 20, 100, 363, 360, 248, 199, 307, 65, 54, 159, 335, 141, 75, 480, 406, 71, 376, 284, 145, 12, 168, 310, 277, 83, 428, 18, 351, 461, 511, 39, 133, 219, 501, 344, 329, 113, 322, 226, 16, 418, 174, 124, 425, 323, 459, 272, 489, 312, 338, 112, 509, 403, 208, 275, 237, 224, 225, 47, 384, 423, 203, 90, 134, 103, 118, 175, 104, 304, 443, 319, 252, 96, 353, 330, 495, 273, 188, 180, 178, 229, 393, 0, 405, 233, 201, 190, 278, 477, 109, 404, 496, 13, 64, 301, 129, 138, 364, 497, 72, 119, 89, 116, 326, 420, 394, 434, 139, 508, 211, 220, 462, 246, 375, 435, 481, 316, 67]",0.63,"[13, 18, 39, 42, 47, 54, 72, 75, 83, 90, 96, 100, 103, 104, 109, 112, 113, 118, 129, 134, 138, 139, 141, 145, 156, 159, 168, 174, 175, 178, 180, 188, 190, 199, 208, 219, 224, 225, 226, 229, 237, 248, 250, 252, 272, 273, 277, 280, 287, 301, 304, 307, 310, 312, 316, 323, 326, 330, 344, 353, 375, 376, 393, 394, 401, 403, 405, 410, 418, 420, 425, 434, 443, 461, 462, 480, 481, 496, 501, 509]"
48,128,"[403, 88, 243, 374, 357, 166, 210, 192, 436, 120, 93, 147, 285, 56, 345, 149, 218, 446, 142, 402, 80, 382, 160, 5, 124, 76, 217, 478, 154, 346, 228, 200, 34, 422, 214, 75, 328, 152, 58, 102, 281, 20, 322, 425, 55, 427, 320, 233, 505, 193, 339, 342, 251, 81, 87, 406, 143, 221, 150, 306, 430, 232, 52, 481, 415, 410, 442, 380, 66, 284, 126, 286, 471, 282, 392, 447, 194, 98, 278, 24, 411, 176, 508, 358, 239, 314, 264, 267, 385, 408, 350, 39, 197, 116, 185, 353, 365, 222, 248, 231, 23, 309, 379, 219, 148, 366, 373, 401, 487, 135, 199, 242, 335, 479, 299, 423, 188, 452, 288, 187, 326, 170, 133, 261, 477, 340, 484, 444]","[343, 363, 365, 380, 273, 205, 419, 9, 176, 74, 138, 423, 200, 32, 372, 452, 82, 502, 251, 413, 340, 58, 228, 389, 99, 321, 43, 487, 480, 16, 392, 141, 257, 320, 328, 5, 97, 398, 67, 56, 199, 222, 491, 358, 289, 370, 62, 102, 441, 165, 128, 322, 455, 325, 31, 445, 45, 52, 252, 218, 350, 313, 459, 286, 137, 361, 133, 408, 291, 189, 27, 71, 221, 421, 143, 264, 63, 448, 204, 339, 374, 149, 511, 26, 284, 230, 172, 484, 36, 192, 442, 305, 399, 381, 506, 253, 210, 196, 215, 347, 163, 293, 76, 14, 217, 47, 145, 173, 25, 92, 309, 418, 433, 75, 22, 178, 282, 422, 184, 410, 425, 237, 68, 19, 469, 243, 195, 158]",0.374,"[5, 52, 56, 58, 75, 76, 102, 133, 143, 149, 176, 192, 199, 200, 210, 217, 218, 221, 222, 228, 243, 251, 264, 282, 284, 286, 309, 320, 322, 328, 339, 340, 350, 358, 365, 374, 380, 392, 408, 410, 422, 423, 425, 442, 452, 484, 487]"
49,128,"[292, 131, 100, 415, 374, 63, 111, 34, 228, 46, 301, 89, 452, 261, 40, 18, 81, 419, 238, 416, 113, 454, 403, 281, 369, 312, 75, 460, 474, 497, 278, 33, 230, 492, 54, 8, 434, 247, 154, 55, 322, 185, 414, 332, 467, 299, 297, 120, 257, 92, 437, 118, 477, 310, 83, 352, 487, 62, 326, 375, 47, 85, 320, 436, 339, 396, 298, 231, 136, 481, 323, 217, 159, 509, 52, 68, 276, 262, 381, 107, 177, 267, 160, 4, 94, 175, 373, 20, 273, 86, 315, 336, 500, 70, 356, 328, 338, 35, 140, 192, 11, 115, 397, 193, 149, 130, 172, 351, 418, 116, 466, 363, 464, 473, 200, 393, 65, 117, 496, 354, 324, 502, 368, 429, 21, 19, 319, 14]","[103, 461, 1, 506, 481, 484, 451, 149, 10, 460, 351, 365, 34, 139, 403, 267, 340, 305, 388, 226, 19, 136, 228, 214, 464, 28, 502, 375, 51, 381, 140, 75, 125, 423, 274, 281, 54, 17, 118, 66, 272, 306, 92, 270, 330, 138, 86, 200, 426, 450, 263, 421, 26, 21, 312, 192, 401, 419, 498, 288, 234, 44, 3, 237, 392, 492, 276, 328, 468, 224, 444, 322, 467, 373, 52, 287, 55, 487, 212, 324, 332, 469, 369, 230, 416, 88, 362, 437, 489, 329, 134, 91, 177, 509, 141, 397, 2, 158, 257, 41, 378, 462, 477, 391, 70, 500, 511, 310, 11, 399, 400, 248, 68, 31, 326, 298, 323, 395, 172, 58, 39, 100, 427, 63, 143, 20, 47, 406]",0.461,"[11, 19, 20, 21, 34, 47, 52, 54, 55, 63, 68, 70, 75, 86, 92, 100, 118, 136, 140, 149, 172, 177, 192, 200, 228, 230, 257, 267, 276, 281, 298, 310, 312, 322, 323, 324, 326, 328, 332, 351, 369, 373, 375, 381, 397, 403, 416, 419, 437, 460, 464, 467, 477, 481, 487, 492, 500, 502, 509]"
50,128,"[225, 372, 498, 114, 160, 289, 53, 495, 295, 347, 406, 76, 318, 381, 201, 14, 151, 285, 385, 324, 422, 301, 139, 49, 437, 69, 365, 60, 339, 369, 255, 379, 411, 207, 129, 467, 358, 329, 20, 73, 463, 392, 344, 248, 485, 291, 1, 290, 319, 189, 148, 363, 288, 310, 75, 154, 333, 262, 481, 71, 272, 309, 299, 106, 126, 452, 89, 133, 464, 99, 247, 349, 441, 24, 57, 90, 231, 445, 152, 226, 37, 199, 236, 212, 62, 28, 428, 3, 429, 448, 497, 59, 418, 493, 315, 449, 476, 234, 343, 260, 54, 331, 508, 439, 18, 218, 292, 283, 453, 158, 31, 366, 382, 496, 15, 311, 103, 241, 237, 469, 66, 32, 376, 302, 503, 423, 355, 353]","[247, 163, 252, 501, 503, 338, 505, 276, 39, 149, 367, 478, 140, 98, 393, 250, 400, 436, 337, 41, 382, 220, 287, 421, 344, 451, 54, 55, 429, 448, 52, 120, 244, 61, 56, 126, 112, 238, 372, 133, 288, 28, 66, 76, 160, 339, 59, 197, 44, 20, 435, 105, 256, 383, 315, 208, 68, 249, 264, 99, 346, 496, 453, 343, 62, 235, 164, 434, 191, 389, 399, 159, 195, 348, 23, 443, 17, 152, 459, 18, 92, 53, 422, 154, 423, 215, 130, 11, 270, 198, 301, 292, 226, 24, 225, 430, 147, 313, 472, 352, 377, 340, 319, 361, 43, 158, 81, 291, 504, 317, 95, 336, 110, 7, 31, 416, 83, 263, 274, 465, 353, 97, 359, 74, 373, 187, 240, 183]",0.318,"[18, 20, 24, 28, 31, 53, 54, 59, 62, 66, 76, 99, 126, 133, 152, 154, 158, 160, 225, 226, 247, 288, 291, 292, 301, 315, 319, 339, 343, 344, 353, 372, 382, 422, 423, 429, 448, 453, 496, 503]"
51,128,"[335, 231, 507, 508, 381, 371, 251, 460, 85, 77, 398, 324, 348, 408, 416, 400, 447, 434, 352, 397, 28, 364, 216, 11, 40, 159, 384, 483, 212, 31, 197, 145, 61, 8, 126, 305, 295, 366, 443, 386, 211, 291, 148, 9, 139, 232, 252, 146, 73, 472, 156, 316, 144, 362, 22, 302, 169, 401, 468, 90, 247, 367, 189, 268, 93, 141, 344, 162, 109, 253, 25, 326, 168, 461, 27, 182, 171, 492, 284, 329, 383, 509, 357, 104, 33, 489, 38, 54, 165, 487, 392, 379, 100, 190, 132, 21, 155, 205, 241, 49, 484, 471, 465, 187, 359, 50, 428, 67, 201, 493, 312, 274, 436, 161, 218, 304, 230, 70, 503, 439, 80, 192, 405, 320, 264, 399, 293, 327]","[428, 52, 460, 142, 260, 168, 67, 374, 9, 332, 393, 357, 242, 46, 274, 430, 68, 461, 268, 405, 87, 487, 337, 360, 368, 367, 152, 493, 313, 182, 132, 326, 146, 275, 145, 383, 248, 197, 73, 237, 33, 211, 208, 414, 459, 185, 384, 27, 161, 352, 470, 509, 59, 117, 215, 109, 241, 483, 380, 344, 247, 128, 231, 346, 104, 267, 391, 253, 449, 171, 408, 116, 190, 230, 28, 156, 424, 471, 154, 278, 416, 113, 373, 398, 32, 54, 36, 468, 11, 372, 192, 198, 285, 312, 503, 151, 219, 22, 88, 491, 434, 6, 304, 157, 379, 298, 245, 508, 264, 371, 21, 199, 140, 324, 139, 195, 184, 439, 93, 489, 39, 50, 289, 336, 136, 162, 476, 359]",0.53,"[9, 11, 21, 22, 27, 28, 33, 50, 54, 67, 73, 93, 104, 109, 132, 139, 145, 146, 156, 161, 162, 168, 171, 182, 190, 192, 197, 211, 230, 231, 241, 247, 253, 264, 268, 274, 304, 312, 324, 326, 344, 352, 357, 359, 367, 371, 379, 383, 384, 398, 405, 408, 416, 428, 434, 439, 460, 461, 468, 471, 483, 487, 489, 493, 503, 508, 509]"
52,128,"[503, 298, 390, 324, 451, 475, 418, 54, 465, 142, 273, 249, 98, 461, 151, 413, 398, 362, 126, 80, 345, 214, 204, 119, 251, 137, 261, 205, 320, 191, 352, 172, 349, 94, 148, 75, 116, 291, 247, 334, 350, 123, 51, 31, 360, 333, 470, 428, 509, 233, 431, 425, 60, 439, 176, 104, 497, 332, 20, 208, 192, 479, 220, 13, 482, 125, 18, 189, 143, 180, 440, 460, 128, 182, 206, 502, 108, 404, 471, 486, 259, 288, 384, 72, 157, 40, 331, 145, 303, 361, 478, 510, 197, 421, 112, 407, 217, 188, 46, 30, 446, 219, 319, 297, 252, 57, 37, 242, 285, 173, 186, 412, 370, 106, 396, 181, 171, 141, 369, 508, 477, 70, 493, 175, 32, 90, 25, 79]","[3, 431, 493, 115, 186, 319, 145, 20, 251, 266, 205, 94, 315, 121, 70, 409, 53, 175, 151, 334, 67, 125, 478, 432, 51, 116, 127, 238, 191, 204, 112, 355, 465, 322, 192, 303, 461, 331, 275, 352, 428, 491, 240, 170, 333, 300, 304, 137, 350, 298, 33, 143, 509, 288, 250, 154, 407, 435, 295, 106, 157, 214, 427, 104, 241, 418, 97, 460, 486, 172, 317, 219, 99, 119, 508, 182, 181, 220, 25, 52, 285, 40, 252, 54, 501, 404, 221, 253, 440, 345, 458, 389, 249, 30, 160, 332, 506, 307, 277, 477, 320, 485, 230, 449, 502, 413, 108, 12, 450, 171, 259, 503, 510, 32, 193, 81, 47, 452, 416, 4, 359, 451, 128, 424, 391, 351, 273, 369]",0.582,"[20, 25, 30, 32, 40, 51, 54, 70, 94, 104, 106, 108, 112, 116, 119, 125, 128, 137, 143, 145, 151, 157, 171, 172, 175, 181, 182, 186, 191, 192, 204, 205, 214, 219, 220, 249, 251, 252, 259, 273, 285, 288, 298, 303, 319, 320, 331, 332, 333, 334, 345, 350, 352, 369, 404, 407, 413, 418, 428, 431, 440, 451, 460, 461, 465, 477, 478, 486, 493, 502, 503, 508, 509, 510]"
53,128,"[27, 284, 172, 378, 103, 245, 460, 453, 96, 467, 18, 276, 82, 451, 236, 5, 164, 98, 189, 159, 89, 247, 179, 265, 119, 32, 421, 448, 324, 262, 128, 192, 496, 350, 72, 315, 17, 145, 233, 188, 422, 313, 277, 480, 224, 253, 250, 488, 446, 222, 174, 112, 6, 294, 295, 100, 136, 319, 404, 97, 484, 19, 74, 118, 171, 425, 327, 65, 436, 105, 269, 138, 69, 322, 258, 479, 225, 457, 465, 35, 20, 66, 418, 202, 23, 16, 379, 207, 347, 45, 303, 24, 355, 139, 289, 158, 430, 263, 281, 37, 449, 249, 246, 464, 95, 487, 395, 275, 491, 187, 440, 469, 62, 226, 241, 77, 242, 472, 206, 447, 243, 363, 114, 209, 156, 346, 501, 338]","[65, 376, 243, 117, 181, 102, 159, 473, 489, 501, 58, 32, 421, 300, 164, 85, 463, 482, 362, 353, 475, 451, 74, 33, 241, 416, 258, 171, 202, 101, 405, 194, 136, 179, 498, 307, 445, 268, 105, 31, 276, 369, 26, 341, 472, 245, 492, 5, 127, 306, 93, 395, 274, 17, 2, 320, 145, 10, 468, 256, 442, 382, 249, 265, 206, 419, 387, 233, 338, 224, 139, 355, 150, 14, 367, 360, 66, 119, 23, 433, 374, 173, 68, 352, 464, 456, 479, 114, 27, 253, 491, 187, 414, 315, 297, 238, 149, 240, 28, 116, 291, 96, 19, 487, 346, 262, 69, 263, 431, 174, 107, 141, 35, 347, 247, 281, 351, 82, 278, 404, 25, 449, 436, 6, 199, 435, 303, 70]",0.476,"[5, 6, 17, 19, 23, 27, 32, 35, 65, 66, 69, 74, 82, 96, 105, 114, 119, 136, 139, 145, 159, 164, 171, 174, 179, 187, 202, 206, 224, 233, 241, 243, 245, 247, 249, 253, 258, 262, 263, 265, 276, 281, 303, 315, 338, 346, 347, 355, 395, 404, 421, 436, 449, 451, 464, 472, 479, 487, 491, 501]"
54,128,"[278, 60, 437, 354, 197, 386, 277, 414, 499, 136, 189, 394, 286, 403, 181, 507, 159, 491, 119, 214, 488, 357, 152, 476, 153, 24, 448, 15, 389, 267, 419, 127, 369, 135, 258, 194, 504, 304, 179, 2, 468, 362, 338, 240, 70, 110, 316, 254, 62, 302, 424, 295, 511, 292, 226, 53, 471, 443, 486, 162, 400, 273, 485, 440, 187, 99, 6, 364, 480, 191, 80, 75, 217, 460, 261, 185, 409, 241, 384, 98, 52, 12, 158, 396, 421, 343, 249, 327, 356, 0, 305, 282, 347, 353, 155, 120, 33, 290, 371, 206, 63, 13, 284, 223, 104, 225, 30, 359, 497, 46, 360, 398, 68, 256, 61, 388, 66, 174, 429, 25, 506, 199, 35, 145, 92, 224, 498, 447]","[471, 244, 349, 300, 330, 77, 444, 177, 314, 106, 389, 76, 215, 68, 129, 306, 194, 30, 56, 81, 392, 354, 105, 294, 507, 408, 437, 149, 482, 228, 290, 166, 54, 230, 323, 276, 104, 192, 135, 209, 61, 78, 9, 428, 455, 175, 163, 62, 69, 285, 26, 243, 34, 387, 50, 362, 179, 499, 254, 365, 128, 429, 33, 10, 273, 97, 256, 464, 443, 93, 419, 291, 249, 134, 122, 345, 171, 103, 262, 380, 74, 12, 476, 313, 181, 227, 402, 42, 198, 191, 98, 80, 251, 433, 144, 220, 510, 162, 375, 489, 299, 324, 395, 204, 152, 435, 425, 282, 51, 481, 414, 450, 225, 305, 200, 57, 189, 364, 315, 272, 396, 478, 46, 75, 83, 406, 347, 100]",0.335,"[12, 30, 33, 46, 61, 62, 68, 75, 80, 98, 104, 135, 152, 162, 179, 181, 189, 191, 194, 225, 249, 254, 256, 273, 282, 290, 305, 347, 354, 362, 364, 389, 396, 414, 419, 429, 437, 443, 471, 476, 499, 507]"
55,128,"[72, 85, 412, 300, 144, 276, 462, 380, 5, 296, 505, 259, 200, 325, 4, 395, 459, 142, 317, 503, 58, 452, 268, 20, 55, 116, 188, 138, 399, 220, 337, 130, 303, 328, 207, 457, 345, 271, 435, 59, 37, 112, 19, 451, 261, 34, 36, 466, 374, 248, 241, 304, 239, 35, 308, 377, 30, 127, 10, 7, 218, 221, 150, 509, 88, 342, 237, 508, 100, 440, 226, 475, 169, 149, 93, 76, 322, 71, 157, 488, 101, 427, 284, 122, 65, 474, 260, 473, 288, 266, 482, 229, 26, 187, 110, 22, 68, 309, 162, 293, 9, 212, 315, 250, 401, 109, 430, 258, 236, 245, 381, 468, 249, 15, 467, 320, 233, 357, 507, 312, 216, 50, 402, 232, 252, 289, 124, 51]","[467, 444, 434, 179, 246, 186, 210, 198, 407, 464, 216, 367, 55, 40, 503, 122, 409, 138, 86, 142, 338, 301, 174, 240, 153, 406, 113, 415, 427, 309, 342, 21, 318, 285, 95, 481, 327, 441, 150, 314, 129, 353, 493, 45, 165, 212, 271, 445, 268, 231, 115, 507, 72, 146, 437, 25, 320, 82, 397, 462, 67, 291, 192, 488, 226, 297, 164, 340, 458, 181, 383, 114, 13, 158, 298, 305, 276, 120, 26, 211, 245, 187, 270, 449, 108, 118, 348, 109, 183, 131, 474, 199, 225, 388, 178, 390, 33, 326, 237, 387, 312, 19, 414, 281, 322, 253, 371, 290, 412, 200, 81, 106, 30, 236, 485, 417, 398, 71, 149, 490, 101, 102, 317, 254, 22, 459, 495, 501]",0.317,"[19, 22, 26, 30, 55, 71, 72, 101, 109, 122, 138, 142, 149, 150, 187, 200, 212, 216, 226, 236, 237, 245, 268, 271, 276, 309, 312, 317, 320, 322, 342, 412, 427, 459, 462, 467, 474, 488, 503, 507]"
56,128,"[310, 462, 147, 345, 256, 490, 166, 98, 483, 487, 12, 336, 268, 105, 87, 292, 420, 229, 160, 231, 226, 29, 30, 1, 457, 404, 337, 427, 120, 294, 197, 440, 74, 59, 253, 201, 241, 172, 247, 478, 291, 151, 327, 413, 236, 405, 127, 121, 79, 330, 450, 355, 480, 325, 65, 281, 374, 377, 63, 360, 347, 435, 431, 214, 453, 446, 273, 128, 58, 423, 15, 340, 386, 92, 476, 371, 182, 180, 140, 129, 491, 270, 176, 428, 4, 351, 459, 311, 36, 124, 67, 242, 96, 395, 117, 464, 324, 181, 222, 216, 466, 248, 411, 493, 240, 353, 389, 333, 403, 417, 407, 465, 70, 95, 223, 381, 329, 31, 306, 71, 298, 206, 486, 185, 385, 73, 55, 479]","[466, 428, 510, 117, 489, 185, 338, 102, 15, 344, 330, 231, 364, 160, 297, 64, 355, 360, 263, 150, 87, 490, 108, 56, 306, 365, 96, 310, 326, 406, 353, 275, 168, 146, 394, 86, 458, 202, 121, 472, 65, 294, 36, 270, 283, 462, 45, 431, 230, 476, 181, 127, 356, 327, 292, 482, 166, 193, 128, 82, 385, 163, 40, 248, 101, 395, 81, 229, 332, 88, 136, 153, 449, 251, 112, 114, 182, 491, 336, 42, 224, 171, 308, 35, 459, 214, 176, 403, 63, 368, 309, 417, 27, 70, 95, 9, 503, 366, 287, 501, 223, 359, 1, 267, 73, 381, 241, 17, 140, 53, 405, 446, 129, 274, 413, 477, 291, 347, 293, 200, 464, 370, 279, 67, 457, 120, 412, 404]",0.487,"[1, 15, 36, 63, 65, 67, 70, 73, 87, 95, 96, 117, 120, 121, 127, 128, 129, 140, 160, 166, 176, 181, 182, 185, 214, 223, 229, 231, 241, 248, 270, 291, 292, 294, 306, 310, 327, 330, 336, 347, 353, 355, 360, 381, 385, 395, 403, 404, 405, 413, 417, 428, 431, 446, 457, 459, 462, 464, 466, 476, 490, 491]"
57,128,"[477, 423, 234, 422, 212, 46, 97, 314, 154, 126, 265, 385, 155, 120, 158, 102, 180, 89, 171, 389, 370, 240, 4, 506, 124, 485, 104, 447, 412, 38, 211, 272, 322, 245, 421, 499, 486, 232, 182, 350, 468, 267, 274, 199, 299, 224, 204, 244, 40, 79, 100, 246, 83, 135, 195, 330, 209, 341, 116, 316, 31, 482, 20, 227, 393, 138, 390, 466, 494, 163, 51, 193, 44, 216, 359, 144, 189, 510, 403, 375, 463, 462, 85, 501, 498, 213, 311, 0, 490, 435, 188, 23, 434, 259, 264, 10, 71, 59, 175, 235, 504, 29, 424, 36, 291, 186, 98, 62, 84, 56, 148, 328, 12, 474, 72, 346, 237, 278, 103, 7, 452, 282, 1, 295, 458, 404, 233, 169]","[494, 97, 103, 116, 1, 200, 244, 204, 183, 346, 22, 102, 275, 271, 46, 10, 50, 12, 5, 175, 259, 359, 140, 424, 44, 370, 482, 224, 235, 328, 163, 31, 180, 4, 195, 314, 135, 20, 322, 104, 499, 434, 485, 181, 398, 272, 227, 246, 214, 89, 234, 486, 158, 287, 474, 435, 233, 299, 199, 9, 85, 237, 453, 51, 232, 56, 477, 341, 61, 211, 120, 490, 255, 67, 447, 278, 124, 59, 375, 393, 423, 154, 148, 240, 389, 159, 280, 98, 212, 37, 403, 391, 429, 18, 458, 243, 174, 412, 503, 476, 171, 155, 511, 267, 146, 367, 245, 62, 28, 478, 144, 23, 193, 38, 182, 410, 216, 264, 72, 330, 421, 213, 349, 427, 265, 501, 510, 16]",0.725,"[1, 4, 10, 12, 20, 23, 31, 38, 44, 46, 51, 56, 59, 62, 72, 85, 89, 97, 98, 102, 103, 104, 116, 120, 124, 135, 144, 148, 154, 155, 158, 163, 171, 175, 180, 182, 193, 195, 199, 204, 211, 212, 213, 216, 224, 227, 232, 233, 234, 235, 237, 240, 244, 245, 246, 259, 264, 265, 267, 272, 278, 299, 314, 322, 328, 330, 341, 346, 359, 370, 375, 389, 393, 403, 412, 421, 423, 424, 434, 435, 447, 458, 474, 477, 482, 485, 486, 490, 494, 499, 501, 510]"
58,128,"[507, 20, 327, 76, 321, 345, 222, 106, 464, 347, 238, 31, 307, 173, 199, 373, 368, 473, 281, 354, 313, 96, 92, 303, 103, 258, 114, 113, 340, 280, 104, 402, 184, 482, 391, 400, 255, 372, 69, 325, 159, 196, 261, 241, 190, 387, 101, 294, 126, 198, 52, 8, 273, 155, 276, 89, 481, 28, 331, 421, 309, 55, 213, 227, 496, 60, 413, 409, 33, 450, 209, 449, 333, 246, 216, 203, 108, 344, 57, 195, 279, 270, 314, 170, 68, 334, 416, 510, 498, 295, 29, 202, 353, 377, 211, 248, 343, 225, 177, 34, 444, 153, 26, 157, 64, 14, 252, 380, 430, 490, 102, 145, 254, 36, 447, 429, 19, 74, 275, 396, 304, 71, 362, 6, 367, 286, 478, 436]","[133, 401, 128, 323, 138, 343, 29, 257, 429, 286, 460, 3, 240, 341, 10, 345, 483, 487, 191, 365, 418, 296, 394, 404, 233, 89, 174, 153, 340, 144, 314, 114, 253, 198, 124, 189, 68, 137, 113, 157, 180, 402, 11, 319, 273, 40, 332, 307, 478, 480, 499, 432, 494, 216, 31, 348, 333, 6, 431, 184, 503, 474, 86, 80, 366, 313, 325, 73, 125, 436, 230, 391, 26, 270, 170, 90, 413, 1, 183, 99, 428, 207, 66, 421, 426, 397, 49, 318, 36, 444, 4, 214, 87, 258, 162, 60, 361, 20, 238, 134, 179, 288, 511, 285, 441, 482, 96, 498, 126, 210, 371, 320, 237, 383, 23, 447, 94, 168, 416, 400, 293, 395, 468, 154, 120, 509, 354, 350]",0.361,"[6, 20, 26, 29, 31, 36, 60, 68, 89, 96, 113, 114, 126, 153, 157, 170, 184, 198, 216, 238, 258, 270, 273, 286, 307, 313, 314, 325, 333, 340, 343, 345, 354, 391, 400, 402, 413, 416, 421, 429, 436, 444, 447, 478, 482, 498]"
59,128,"[134, 341, 136, 238, 378, 92, 358, 52, 131, 273, 253, 487, 142, 424, 306, 433, 69, 336, 478, 185, 454, 232, 236, 470, 294, 421, 466, 462, 282, 129, 486, 14, 159, 502, 315, 350, 415, 34, 503, 107, 476, 103, 351, 395, 270, 420, 289, 166, 252, 239, 468, 58, 19, 444, 194, 15, 314, 295, 93, 337, 347, 249, 172, 417, 132, 319, 165, 38, 186, 144, 494, 113, 418, 203, 207, 261, 61, 303, 89, 293, 139, 126, 127, 434, 316, 97, 220, 234, 248, 495, 345, 53, 47, 403, 367, 201, 199, 490, 402, 222, 356, 321, 181, 423, 66, 255, 168, 30, 300, 299, 439, 40, 72, 322, 459, 467, 501, 441, 385, 43, 318, 160, 146, 405, 39, 158, 260, 205]","[213, 423, 260, 270, 176, 314, 71, 212, 294, 385, 434, 376, 418, 362, 459, 468, 252, 134, 220, 53, 255, 322, 486, 334, 367, 168, 186, 300, 159, 470, 232, 93, 462, 392, 38, 295, 2, 12, 337, 331, 327, 293, 356, 483, 439, 408, 58, 395, 249, 487, 447, 15, 113, 201, 238, 234, 444, 158, 28, 321, 319, 253, 203, 478, 165, 466, 315, 488, 146, 51, 282, 209, 403, 132, 289, 482, 500, 396, 107, 85, 273, 312, 26, 40, 363, 288, 199, 119, 135, 455, 24, 34, 351, 393, 350, 264, 144, 318, 160, 43, 503, 419, 320, 19, 83, 345, 286, 306, 69, 501, 454, 251, 441, 181, 136, 228, 299, 127, 200, 139, 303, 5, 378, 121, 103, 469, 329, 341]",0.661,"[15, 19, 34, 38, 40, 43, 53, 58, 69, 93, 103, 107, 113, 127, 132, 134, 136, 139, 144, 146, 158, 159, 160, 165, 168, 181, 186, 199, 201, 203, 220, 232, 234, 238, 249, 252, 253, 255, 260, 270, 273, 282, 289, 293, 294, 295, 299, 300, 303, 306, 314, 315, 318, 319, 321, 322, 337, 341, 345, 350, 351, 356, 367, 378, 385, 395, 403, 418, 423, 434, 439, 441, 444, 454, 459, 462, 466, 468, 470, 478, 486, 487, 501, 503]"
60,128,"[218, 27, 196, 225, 473, 415, 89, 371, 336, 246, 176, 162, 369, 52, 44, 265, 365, 122, 197, 412, 267, 96, 232, 302, 392, 50, 381, 201, 329, 382, 475, 501, 194, 128, 79, 139, 477, 140, 306, 272, 331, 223, 433, 228, 372, 446, 116, 94, 368, 54, 183, 177, 367, 345, 195, 337, 129, 211, 401, 389, 12, 358, 484, 403, 321, 324, 322, 124, 237, 509, 74, 2, 30, 227, 342, 233, 338, 323, 148, 481, 76, 205, 421, 264, 154, 276, 453, 66, 326, 213, 429, 351, 187, 479, 13, 18, 243, 95, 296, 334, 144, 299, 153, 343, 346, 289, 63, 6, 36, 97, 38, 474, 192, 93, 71, 146, 434, 483, 270, 360, 14, 409, 281, 152, 292, 399, 231, 432]","[506, 324, 57, 204, 144, 403, 155, 208, 34, 280, 296, 38, 374, 54, 12, 186, 64, 419, 475, 26, 217, 231, 71, 102, 124, 259, 76, 285, 83, 472, 483, 343, 369, 37, 234, 305, 142, 97, 410, 454, 261, 225, 456, 437, 247, 364, 341, 424, 311, 4, 41, 404, 103, 236, 282, 223, 66, 320, 459, 80, 414, 130, 139, 494, 95, 382, 433, 252, 438, 93, 354, 209, 220, 455, 123, 82, 213, 5, 58, 154, 300, 246, 353, 371, 116, 289, 222, 250, 238, 134, 476, 258, 35, 294, 121, 48, 336, 366, 172, 256, 29, 227, 460, 211, 502, 174, 387, 304, 396, 276, 161, 384, 235, 337, 257, 508, 376, 260, 152, 295, 201, 451, 108, 439, 346, 215, 489, 28]",0.298,"[12, 38, 54, 66, 71, 76, 93, 95, 97, 116, 124, 139, 144, 152, 154, 201, 211, 213, 223, 225, 227, 231, 246, 276, 289, 296, 324, 336, 337, 343, 346, 369, 371, 382, 403, 433, 475, 483]"
61,128,"[278, 354, 230, 41, 422, 152, 260, 270, 131, 246, 134, 67, 181, 154, 342, 69, 346, 107, 55, 489, 7, 221, 126, 214, 71, 100, 332, 351, 251, 357, 247, 400, 372, 389, 111, 490, 72, 339, 504, 204, 480, 135, 117, 95, 6, 445, 383, 344, 468, 435, 461, 115, 391, 254, 56, 340, 460, 29, 177, 89, 103, 15, 498, 301, 335, 30, 248, 166, 73, 106, 448, 21, 10, 52, 87, 436, 309, 392, 169, 16, 8, 334, 88, 5, 101, 3, 462, 94, 179, 296, 407, 216, 322, 501, 130, 471, 310, 507, 410, 122, 42, 455, 330, 472, 263, 352, 241, 202, 186, 26, 311, 167, 509, 463, 314, 396, 453, 454, 338, 336, 313, 37, 375, 488, 325, 46, 138, 478]","[284, 105, 420, 73, 301, 214, 296, 52, 478, 463, 177, 100, 270, 467, 6, 461, 101, 455, 186, 23, 169, 453, 327, 7, 148, 135, 488, 131, 352, 471, 311, 507, 334, 97, 324, 246, 410, 30, 221, 5, 424, 362, 95, 173, 21, 383, 419, 16, 3, 372, 61, 382, 340, 330, 347, 466, 285, 202, 138, 460, 486, 498, 124, 313, 167, 41, 351, 389, 262, 106, 506, 29, 134, 15, 422, 241, 338, 166, 194, 230, 496, 339, 179, 468, 235, 326, 181, 448, 504, 46, 396, 233, 385, 314, 405, 56, 94, 26, 67, 369, 355, 112, 333, 10, 491, 55, 490, 310, 493, 499, 20, 87, 227, 343, 156, 342, 248, 259, 115, 501, 249, 381, 260, 103, 104, 392, 278, 35]",0.655,"[3, 5, 6, 7, 10, 15, 16, 21, 26, 29, 30, 41, 46, 52, 55, 56, 67, 73, 87, 94, 95, 100, 101, 103, 106, 115, 131, 134, 135, 138, 166, 167, 169, 177, 179, 181, 186, 202, 214, 221, 230, 241, 246, 248, 260, 270, 278, 296, 301, 310, 311, 313, 314, 330, 334, 338, 339, 340, 342, 351, 352, 372, 383, 389, 392, 396, 410, 422, 448, 453, 455, 460, 461, 463, 468, 471, 478, 488, 490, 498, 501, 504, 507]"
62,128,"[220, 1, 182, 198, 30, 361, 151, 456, 99, 352, 402, 274, 78, 31, 386, 344, 134, 74, 260, 242, 219, 247, 426, 50, 420, 261, 318, 469, 297, 229, 277, 268, 350, 356, 13, 160, 337, 15, 445, 34, 401, 203, 80, 55, 482, 255, 197, 326, 400, 366, 233, 61, 396, 462, 511, 168, 391, 153, 73, 306, 374, 319, 108, 27, 145, 466, 392, 115, 395, 432, 92, 311, 264, 216, 412, 42, 375, 205, 161, 39, 425, 33, 364, 2, 477, 28, 256, 317, 422, 141, 148, 89, 157, 210, 309, 127, 208, 288, 146, 371, 368, 32, 379, 387, 370, 284, 259, 214, 165, 489, 8, 348, 351, 227, 325, 250, 467, 397, 403, 81, 159, 11, 483, 358, 217, 37, 321, 285]","[138, 406, 501, 213, 487, 133, 67, 241, 232, 355, 146, 429, 226, 84, 265, 375, 143, 32, 142, 27, 56, 275, 23, 148, 28, 399, 221, 45, 256, 300, 454, 326, 370, 157, 428, 200, 311, 9, 485, 461, 356, 415, 230, 348, 359, 24, 338, 394, 379, 471, 161, 80, 502, 114, 467, 179, 384, 470, 66, 189, 451, 271, 15, 14, 478, 164, 205, 175, 68, 209, 469, 178, 125, 301, 382, 41, 2, 229, 299, 144, 483, 328, 1, 113, 322, 204, 78, 79, 214, 259, 472, 122, 172, 480, 267, 244, 11, 115, 101, 463, 417, 266, 345, 197, 411, 58, 416, 446, 362, 371, 90, 315, 171, 361, 492, 246, 363, 250, 119, 255, 381, 503, 233, 325, 216, 86, 350, 111]",0.299,"[1, 2, 11, 15, 27, 28, 32, 78, 80, 115, 146, 148, 157, 161, 197, 205, 214, 216, 229, 233, 250, 255, 256, 259, 311, 325, 326, 348, 350, 356, 361, 370, 371, 375, 379, 467, 469, 483]"
63,128,"[14, 318, 282, 259, 197, 441, 473, 508, 74, 234, 123, 488, 70, 180, 178, 423, 278, 509, 69, 313, 349, 1, 7, 500, 5, 502, 170, 142, 458, 219, 134, 162, 369, 161, 324, 430, 2, 30, 88, 314, 261, 471, 337, 347, 392, 455, 494, 112, 308, 362, 495, 396, 222, 18, 386, 130, 323, 467, 505, 218, 215, 444, 266, 75, 501, 305, 401, 438, 27, 351, 108, 166, 263, 122, 203, 54, 79, 460, 131, 110, 377, 236, 29, 462, 23, 143, 475, 269, 55, 417, 238, 293, 191, 119, 372, 239, 19, 67, 400, 409, 428, 390, 59, 98, 206, 63, 482, 200, 307, 328, 284, 333, 321, 354, 57, 465, 326, 33, 11, 93, 107, 254, 115, 84, 246, 343, 113, 195]","[241, 490, 142, 501, 257, 23, 158, 391, 269, 224, 276, 422, 293, 220, 417, 14, 274, 97, 400, 509, 458, 284, 305, 258, 482, 207, 20, 178, 441, 39, 0, 161, 467, 369, 256, 260, 225, 134, 279, 203, 463, 431, 249, 115, 398, 209, 152, 217, 409, 385, 429, 30, 290, 320, 308, 9, 236, 219, 373, 59, 88, 505, 318, 222, 415, 124, 93, 110, 192, 183, 337, 70, 57, 5, 63, 2, 411, 259, 392, 268, 253, 262, 403, 261, 460, 322, 74, 54, 130, 1, 316, 315, 504, 123, 376, 111, 4, 205, 206, 307, 27, 184, 181, 11, 300, 246, 438, 227, 180, 323, 171, 77, 445, 401, 351, 263, 471, 195, 343, 62, 370, 29, 377, 55, 288, 327, 239, 66]",0.517,"[1, 2, 5, 11, 14, 23, 27, 29, 30, 54, 55, 57, 59, 63, 70, 74, 88, 93, 110, 115, 123, 130, 134, 142, 161, 178, 180, 195, 203, 206, 219, 222, 236, 239, 246, 259, 261, 263, 269, 284, 293, 305, 307, 308, 318, 323, 337, 343, 351, 369, 377, 392, 400, 401, 409, 417, 438, 441, 458, 460, 467, 471, 482, 501, 505, 509]"
64,128,"[431, 479, 62, 165, 451, 241, 133, 439, 315, 416, 440, 38, 160, 137, 295, 419, 342, 349, 351, 113, 406, 79, 170, 266, 65, 458, 350, 81, 452, 162, 10, 16, 149, 250, 402, 26, 496, 328, 327, 229, 15, 176, 144, 126, 307, 310, 502, 71, 101, 471, 372, 115, 19, 434, 365, 504, 491, 465, 312, 39, 417, 221, 322, 209, 480, 303, 411, 22, 263, 252, 248, 48, 231, 507, 285, 214, 495, 306, 8, 93, 494, 433, 469, 493, 361, 5, 9, 43, 404, 7, 105, 311, 330, 56, 288, 42, 385, 277, 204, 257, 358, 143, 237, 130, 157, 194, 486, 374, 476, 238, 243, 124, 36, 429, 202, 4, 164, 183, 110, 274, 91, 510, 371, 153, 403, 210, 279, 166]","[489, 327, 19, 392, 507, 214, 68, 142, 97, 112, 380, 304, 455, 256, 183, 366, 171, 241, 109, 67, 71, 303, 438, 8, 25, 469, 261, 22, 385, 320, 493, 411, 101, 253, 11, 405, 180, 157, 38, 276, 231, 113, 28, 377, 31, 452, 161, 419, 458, 445, 16, 416, 9, 194, 72, 425, 444, 279, 204, 30, 328, 160, 164, 238, 123, 51, 418, 499, 181, 343, 143, 165, 65, 460, 172, 486, 351, 479, 59, 372, 213, 451, 75, 5, 252, 322, 314, 429, 221, 209, 433, 502, 95, 233, 80, 440, 504, 312, 170, 324, 153, 470, 330, 410, 93, 402, 393, 144, 10, 398, 280, 371, 248, 91, 6, 302, 358, 26, 394, 288, 494, 307, 315, 39, 510, 325, 12, 237]",0.551,"[5, 8, 9, 10, 16, 19, 22, 26, 38, 39, 65, 71, 91, 93, 101, 113, 143, 144, 153, 157, 160, 164, 165, 170, 183, 194, 204, 209, 214, 221, 231, 237, 238, 241, 248, 252, 279, 288, 303, 307, 312, 315, 322, 327, 328, 330, 351, 358, 371, 372, 385, 402, 411, 416, 419, 429, 433, 440, 451, 452, 458, 469, 479, 486, 493, 494, 502, 504, 507, 510]"
65,128,"[404, 335, 495, 34, 143, 258, 450, 78, 171, 275, 94, 365, 250, 341, 121, 394, 176, 315, 207, 82, 230, 368, 199, 109, 73, 498, 101, 159, 178, 509, 270, 447, 485, 351, 456, 364, 96, 440, 293, 110, 85, 187, 246, 132, 220, 501, 298, 324, 28, 307, 48, 376, 221, 114, 455, 55, 451, 432, 50, 184, 135, 134, 457, 91, 67, 435, 7, 140, 408, 429, 349, 371, 42, 162, 406, 446, 92, 473, 163, 111, 500, 190, 164, 144, 481, 108, 146, 182, 216, 403, 255, 74, 503, 321, 155, 480, 300, 90, 401, 292, 38, 387, 35, 180, 139, 128, 62, 150, 294, 410, 229, 228, 488, 257, 310, 193, 17, 166, 99, 130, 379, 16, 372, 306, 357, 59, 21, 272]","[25, 395, 287, 204, 473, 76, 55, 157, 286, 117, 376, 61, 13, 476, 230, 94, 82, 405, 226, 137, 132, 245, 259, 303, 307, 492, 409, 379, 505, 425, 47, 377, 242, 144, 87, 378, 14, 109, 375, 149, 456, 302, 44, 489, 79, 429, 110, 354, 171, 275, 318, 225, 189, 122, 97, 247, 455, 63, 145, 206, 102, 472, 251, 274, 205, 323, 74, 27, 237, 374, 69, 277, 446, 381, 260, 43, 250, 365, 249, 270, 246, 136, 151, 179, 462, 509, 283, 83, 432, 54, 471, 347, 148, 511, 193, 483, 485, 272, 466, 452, 266, 38, 319, 326, 364, 150, 60, 372, 176, 276, 168, 184, 177, 281, 407, 475, 408, 129, 33, 80, 451, 77, 457, 160, 159, 445, 146, 273]",0.311,"[38, 55, 74, 82, 94, 109, 110, 132, 144, 146, 150, 159, 171, 176, 184, 193, 230, 246, 250, 270, 272, 275, 307, 364, 365, 372, 376, 379, 408, 429, 432, 446, 451, 455, 456, 457, 473, 485, 509]"
66,128,"[54, 26, 96, 287, 221, 446, 11, 57, 421, 473, 75, 396, 224, 163, 487, 199, 453, 441, 84, 406, 268, 98, 485, 315, 184, 400, 420, 489, 216, 447, 244, 470, 374, 260, 159, 439, 58, 506, 335, 267, 76, 86, 70, 317, 322, 480, 472, 82, 229, 120, 277, 131, 51, 303, 343, 71, 234, 149, 435, 379, 493, 47, 42, 261, 488, 37, 346, 129, 166, 483, 215, 68, 280, 307, 450, 25, 231, 0, 448, 382, 254, 295, 381, 376, 309, 152, 351, 496, 242, 138, 23, 175, 12, 172, 125, 237, 402, 259, 41, 454, 274, 302, 314, 291, 418, 333, 186, 384, 78, 509, 492, 449, 17, 264, 145, 364, 332, 240, 476, 56, 239, 230, 270, 355, 354, 126, 192, 350]","[192, 32, 439, 28, 492, 446, 94, 360, 261, 85, 208, 314, 307, 268, 254, 234, 292, 152, 400, 17, 76, 259, 199, 47, 237, 277, 56, 242, 302, 173, 472, 452, 327, 131, 353, 449, 476, 229, 459, 11, 63, 184, 376, 312, 382, 381, 377, 145, 38, 318, 13, 496, 84, 493, 82, 37, 329, 12, 461, 332, 220, 506, 116, 230, 315, 306, 487, 176, 464, 138, 324, 174, 267, 172, 490, 450, 132, 397, 298, 31, 58, 383, 441, 194, 0, 117, 473, 379, 98, 308, 221, 92, 240, 195, 20, 280, 270, 75, 100, 120, 175, 350, 149, 447, 301, 128, 421, 186, 51, 480, 71, 394, 317, 509, 110, 346, 168, 244, 485, 260, 26, 489, 78, 406, 364, 405, 231, 354]",0.646,"[0, 11, 12, 17, 26, 37, 47, 51, 56, 58, 71, 75, 76, 78, 82, 84, 98, 120, 131, 138, 145, 149, 152, 172, 175, 184, 186, 192, 199, 221, 229, 230, 231, 234, 237, 240, 242, 244, 254, 259, 260, 261, 267, 268, 270, 277, 280, 302, 307, 314, 315, 317, 332, 346, 350, 354, 364, 376, 379, 381, 382, 400, 406, 421, 439, 441, 446, 447, 449, 450, 472, 473, 476, 480, 485, 487, 489, 492, 493, 496, 506, 509]"
67,128,"[95, 55, 136, 292, 304, 170, 383, 344, 37, 50, 114, 339, 142, 3, 110, 337, 165, 421, 414, 220, 323, 116, 310, 463, 239, 101, 435, 94, 305, 168, 417, 112, 57, 434, 382, 83, 15, 40, 402, 316, 428, 241, 284, 213, 141, 466, 69, 501, 270, 411, 13, 249, 392, 162, 132, 203, 108, 510, 223, 354, 490, 53, 257, 21, 425, 378, 276, 359, 405, 154, 31, 314, 10, 500, 313, 301, 506, 26, 451, 36, 350, 222, 268, 419, 315, 385, 412, 56, 336, 407, 273, 456, 204, 100, 495, 127, 125, 355, 60, 502, 357, 124, 332, 22, 140, 381, 457, 59, 371, 66, 45, 467, 62, 452, 251, 49, 210, 67, 147, 237, 377, 300, 68, 400, 105, 509, 18, 294]","[299, 501, 504, 15, 222, 37, 395, 414, 447, 94, 116, 0, 173, 132, 106, 162, 155, 364, 377, 161, 490, 118, 425, 32, 330, 304, 31, 429, 85, 276, 509, 455, 305, 431, 213, 129, 307, 26, 332, 457, 79, 268, 44, 371, 169, 110, 264, 112, 192, 468, 9, 309, 273, 39, 270, 467, 269, 80, 168, 35, 407, 393, 419, 451, 473, 342, 174, 452, 379, 463, 400, 337, 262, 300, 67, 428, 383, 114, 197, 331, 62, 311, 86, 101, 105, 350, 253, 83, 339, 187, 244, 117, 188, 49, 45, 392, 48, 241, 292, 75, 480, 485, 437, 315, 295, 495, 380, 108, 401, 389, 316, 434, 149, 454, 312, 60, 510, 391, 251, 214, 356, 113, 205, 154, 220, 323, 440, 124]",0.506,"[15, 26, 31, 37, 45, 49, 60, 62, 67, 83, 94, 101, 105, 108, 110, 112, 114, 116, 124, 132, 154, 162, 168, 213, 220, 222, 241, 251, 268, 270, 273, 276, 292, 300, 304, 305, 315, 316, 323, 332, 337, 339, 350, 371, 377, 383, 392, 400, 407, 414, 419, 425, 428, 434, 451, 452, 457, 463, 467, 490, 495, 501, 509, 510]"
68,128,"[333, 499, 8, 13, 223, 357, 148, 334, 381, 440, 267, 323, 271, 190, 472, 137, 105, 442, 309, 219, 460, 108, 186, 491, 507, 302, 459, 183, 80, 388, 20, 45, 261, 322, 215, 44, 437, 330, 444, 184, 303, 471, 382, 312, 241, 92, 465, 100, 71, 179, 426, 168, 243, 407, 327, 294, 501, 119, 149, 305, 469, 57, 410, 191, 389, 4, 228, 245, 123, 165, 370, 226, 377, 147, 371, 282, 114, 40, 42, 318, 31, 301, 154, 229, 113, 5, 453, 134, 475, 385, 99, 59, 423, 285, 62, 311, 479, 73, 408, 275, 502, 78, 201, 338, 345, 43, 49, 72, 361, 384, 434, 280, 124, 56, 205, 390, 24, 189, 174, 211, 209, 166, 155, 286, 125, 133, 248, 244]","[213, 194, 359, 142, 97, 431, 95, 249, 241, 99, 128, 199, 490, 132, 24, 362, 57, 215, 41, 303, 455, 290, 1, 463, 84, 237, 423, 106, 450, 2, 480, 252, 375, 458, 297, 234, 430, 218, 382, 285, 500, 83, 40, 341, 185, 212, 501, 267, 292, 316, 201, 137, 149, 5, 260, 354, 476, 404, 425, 111, 27, 88, 81, 195, 70, 424, 171, 204, 226, 80, 85, 355, 160, 181, 11, 381, 465, 496, 112, 134, 78, 318, 20, 159, 310, 330, 251, 245, 301, 370, 69, 101, 148, 150, 48, 163, 393, 21, 51, 317, 124, 507, 116, 220, 493, 325, 119, 410, 156, 439, 105, 371, 298, 357, 25, 409, 338, 108, 248, 19, 127, 380, 383, 62, 126, 451, 202, 412]",0.317,"[5, 20, 24, 40, 57, 62, 78, 80, 99, 105, 108, 119, 124, 134, 137, 148, 149, 201, 215, 226, 241, 245, 248, 267, 285, 301, 303, 318, 330, 338, 357, 370, 371, 381, 382, 410, 423, 465, 501, 507]"
69,128,"[157, 383, 53, 203, 126, 245, 193, 454, 395, 510, 215, 435, 475, 164, 507, 242, 172, 171, 366, 182, 442, 440, 384, 304, 165, 192, 282, 382, 347, 489, 334, 120, 378, 155, 465, 179, 280, 255, 372, 9, 158, 201, 391, 48, 111, 254, 374, 416, 104, 136, 161, 274, 22, 86, 392, 263, 185, 128, 270, 148, 326, 209, 423, 115, 413, 511, 357, 330, 87, 75, 167, 481, 498, 318, 321, 27, 278, 472, 428, 98, 6, 339, 335, 305, 202, 421, 131, 294, 45, 100, 239, 462, 122, 446, 82, 342, 485, 264, 186, 418, 56, 363, 368, 317, 353, 208, 256, 247, 468, 464, 328, 10, 90, 235, 415, 402, 370, 28, 291, 269, 2, 487, 124, 52, 385, 355, 482, 405]","[334, 326, 324, 62, 440, 22, 468, 347, 69, 55, 483, 149, 343, 332, 291, 342, 474, 43, 285, 12, 73, 311, 377, 185, 482, 129, 32, 451, 393, 446, 161, 378, 51, 252, 301, 131, 284, 420, 369, 190, 86, 459, 142, 320, 435, 162, 465, 239, 422, 454, 355, 389, 163, 432, 273, 112, 100, 387, 176, 179, 413, 63, 445, 481, 418, 274, 390, 414, 172, 480, 275, 318, 111, 375, 406, 124, 181, 139, 335, 394, 296, 495, 448, 421, 280, 38, 81, 154, 511, 368, 424, 304, 443, 213, 17, 367, 330, 204, 404, 399, 251, 79, 214, 122, 258, 98, 169, 156, 277, 492, 235, 373, 136, 126, 315, 120, 4, 444, 325, 97, 452, 419, 426, 462, 167, 460, 295, 321]",0.366,"[22, 86, 98, 100, 111, 120, 122, 124, 126, 131, 136, 161, 167, 172, 179, 185, 235, 239, 274, 280, 291, 304, 318, 321, 326, 330, 334, 335, 342, 347, 355, 368, 378, 413, 418, 421, 435, 440, 446, 454, 462, 465, 468, 481, 482, 511]"
70,128,"[474, 39, 244, 424, 162, 261, 146, 209, 301, 397, 351, 387, 283, 188, 308, 119, 372, 8, 0, 275, 343, 76, 336, 147, 248, 79, 347, 126, 148, 96, 398, 305, 145, 273, 507, 61, 118, 54, 400, 153, 55, 238, 361, 279, 73, 331, 106, 414, 376, 468, 355, 407, 178, 401, 496, 274, 94, 334, 508, 77, 99, 234, 184, 236, 204, 257, 108, 429, 458, 152, 32, 394, 499, 454, 233, 472, 34, 459, 31, 404, 165, 91, 371, 455, 510, 82, 389, 451, 287, 341, 217, 199, 467, 97, 384, 155, 89, 483, 365, 59, 11, 19, 187, 52, 66, 501, 173, 362, 141, 176, 180, 268, 133, 422, 223, 290, 227, 15, 160, 200, 448, 433, 219, 35, 386, 7, 102, 4]","[160, 180, 390, 449, 132, 491, 229, 486, 90, 92, 168, 385, 499, 403, 82, 176, 277, 391, 473, 456, 485, 149, 42, 96, 433, 404, 162, 15, 405, 272, 348, 33, 341, 173, 395, 76, 498, 448, 238, 233, 414, 416, 139, 428, 11, 291, 301, 73, 344, 496, 18, 430, 287, 360, 119, 427, 304, 32, 63, 234, 352, 260, 502, 407, 504, 70, 31, 87, 66, 424, 398, 219, 308, 89, 332, 5, 368, 79, 396, 99, 81, 156, 298, 125, 47, 447, 275, 24, 436, 97, 215, 28, 216, 268, 193, 384, 243, 152, 231, 246, 425, 307, 299, 463, 6, 285, 257, 397, 146, 274, 200, 273, 190, 185, 474, 454, 505, 313, 59, 178, 365, 20, 429, 477, 77, 4, 209, 52]",0.442,"[4, 11, 15, 31, 32, 52, 59, 66, 73, 76, 77, 79, 82, 89, 96, 97, 99, 119, 146, 152, 160, 162, 173, 176, 178, 180, 200, 209, 219, 233, 234, 238, 257, 268, 273, 274, 275, 287, 301, 308, 341, 365, 384, 397, 398, 404, 407, 414, 424, 429, 433, 448, 454, 474, 496, 499]"
71,128,"[334, 268, 30, 484, 243, 53, 142, 74, 375, 276, 126, 29, 426, 2, 226, 66, 159, 293, 476, 252, 133, 48, 184, 101, 96, 345, 221, 199, 340, 313, 386, 413, 289, 279, 374, 450, 198, 205, 425, 369, 298, 49, 458, 410, 117, 227, 348, 68, 447, 158, 306, 397, 195, 124, 25, 398, 457, 47, 46, 463, 354, 167, 86, 482, 18, 468, 300, 308, 507, 487, 327, 38, 244, 376, 382, 185, 94, 111, 123, 448, 423, 433, 317, 34, 336, 43, 93, 424, 187, 302, 103, 267, 415, 256, 430, 275, 325, 107, 316, 56, 152, 95, 42, 179, 81, 132, 262, 149, 77, 310, 286, 174, 62, 445, 141, 60, 342, 73, 407, 455, 97, 108, 393, 380, 176, 263, 470, 378]","[101, 313, 262, 316, 481, 159, 286, 53, 484, 252, 107, 267, 2, 98, 49, 47, 446, 174, 509, 487, 455, 158, 110, 152, 199, 445, 12, 111, 433, 359, 74, 328, 103, 164, 123, 289, 423, 330, 468, 243, 293, 127, 184, 401, 46, 306, 66, 406, 317, 89, 345, 327, 426, 38, 187, 141, 90, 340, 29, 336, 476, 338, 227, 144, 378, 183, 301, 56, 95, 150, 447, 30, 310, 221, 77, 244, 386, 185, 477, 62, 43, 482, 195, 397, 450, 238, 308, 239, 312, 96, 436, 117, 42, 205, 256, 133, 126, 176, 411, 124, 97, 425, 22, 333, 279, 302, 393, 398, 78, 342, 226, 463, 415, 334, 276, 68, 298, 356, 480, 72, 163, 198, 376, 73, 369, 325, 18, 457]",0.748,"[2, 18, 29, 30, 38, 42, 43, 46, 47, 49, 53, 56, 62, 66, 68, 73, 74, 77, 95, 96, 97, 101, 103, 107, 111, 117, 123, 124, 126, 133, 141, 152, 158, 159, 174, 176, 184, 185, 187, 195, 198, 199, 205, 221, 226, 227, 243, 244, 252, 256, 262, 267, 276, 279, 286, 289, 293, 298, 302, 306, 308, 310, 313, 316, 317, 325, 327, 334, 336, 340, 342, 345, 369, 376, 378, 386, 393, 397, 398, 415, 423, 425, 426, 433, 445, 447, 450, 455, 457, 463, 468, 476, 482, 484, 487]"
72,128,"[386, 448, 457, 284, 226, 311, 490, 124, 225, 261, 268, 269, 482, 503, 63, 423, 151, 310, 350, 437, 118, 184, 256, 495, 0, 425, 252, 468, 307, 79, 458, 222, 375, 91, 382, 47, 76, 431, 260, 420, 183, 193, 301, 338, 487, 452, 291, 396, 475, 27, 181, 242, 355, 173, 496, 320, 189, 62, 445, 497, 136, 3, 319, 44, 86, 81, 244, 424, 305, 322, 53, 223, 206, 147, 134, 35, 393, 255, 449, 400, 349, 267, 486, 464, 22, 190, 157, 236, 149, 270, 438, 392, 88, 507, 501, 361, 186, 384, 357, 418, 353, 209, 82, 259, 498, 419, 84, 24, 316, 130, 45, 64, 243, 92, 335, 208, 275, 373, 199, 250, 198, 240, 167, 224, 427, 213, 75, 202]","[89, 81, 425, 178, 190, 209, 260, 335, 361, 172, 47, 487, 236, 258, 424, 289, 301, 29, 76, 448, 181, 136, 464, 428, 176, 495, 0, 102, 226, 382, 437, 338, 420, 54, 322, 84, 350, 268, 3, 220, 137, 423, 33, 248, 443, 185, 118, 130, 501, 366, 24, 117, 267, 486, 27, 64, 87, 372, 396, 199, 498, 213, 222, 244, 170, 224, 198, 307, 499, 149, 295, 359, 255, 503, 393, 189, 208, 427, 386, 497, 121, 124, 92, 400, 438, 410, 273, 405, 496, 284, 127, 304, 270, 457, 434, 23, 311, 194, 173, 391, 219, 401, 331, 384, 392, 44, 88, 316, 277, 300, 75, 465, 413, 431, 482, 193, 70, 252, 416, 256, 243, 45, 184, 354, 52, 507, 449, 353]",0.653,"[0, 3, 24, 27, 44, 45, 47, 64, 75, 76, 81, 84, 88, 92, 118, 124, 130, 136, 149, 173, 181, 184, 189, 190, 193, 198, 199, 208, 209, 213, 222, 224, 226, 236, 243, 244, 252, 255, 256, 260, 267, 268, 270, 284, 301, 307, 311, 316, 322, 335, 338, 350, 353, 361, 382, 384, 386, 392, 393, 396, 400, 420, 423, 424, 425, 427, 431, 437, 438, 448, 449, 457, 464, 482, 486, 487, 495, 496, 497, 498, 501, 503, 507]"
73,128,"[117, 198, 139, 231, 81, 213, 185, 323, 421, 229, 442, 156, 87, 469, 135, 58, 73, 76, 40, 474, 294, 302, 115, 336, 319, 173, 182, 507, 80, 147, 196, 380, 238, 265, 254, 289, 273, 62, 287, 256, 183, 418, 15, 443, 6, 228, 192, 497, 61, 225, 118, 377, 123, 268, 303, 331, 483, 420, 148, 258, 245, 5, 321, 270, 164, 354, 70, 91, 110, 244, 219, 441, 355, 163, 35, 188, 108, 396, 345, 488, 462, 96, 316, 300, 97, 171, 55, 150, 104, 223, 297, 124, 269, 480, 120, 132, 436, 503, 356, 114, 99, 506, 434, 311, 466, 279, 283, 17, 180, 410, 22, 79, 463, 277, 390, 23, 298, 86, 257, 248, 470, 286, 372, 157, 112, 154, 305, 493]","[323, 58, 112, 257, 258, 494, 356, 148, 417, 484, 70, 236, 443, 209, 441, 377, 311, 139, 302, 170, 15, 17, 506, 480, 235, 474, 358, 184, 9, 169, 120, 488, 420, 160, 418, 108, 73, 43, 99, 497, 79, 269, 427, 40, 305, 87, 38, 124, 185, 382, 173, 273, 462, 219, 249, 49, 228, 63, 54, 117, 234, 503, 442, 394, 154, 61, 163, 279, 156, 316, 330, 410, 444, 272, 244, 362, 482, 289, 96, 327, 256, 463, 385, 37, 479, 91, 300, 452, 396, 355, 334, 147, 431, 470, 5, 188, 303, 471, 248, 213, 123, 438, 229, 6, 115, 164, 372, 467, 97, 190, 132, 466, 331, 287, 127, 336, 407, 245, 171, 277, 198, 150, 436, 24, 423, 426, 278, 187]",0.649,"[5, 6, 15, 17, 40, 58, 61, 70, 73, 79, 87, 91, 96, 97, 99, 108, 112, 115, 117, 120, 123, 124, 132, 139, 147, 148, 150, 154, 156, 163, 164, 171, 173, 185, 188, 198, 213, 219, 228, 229, 244, 245, 248, 256, 257, 258, 269, 273, 277, 279, 287, 289, 300, 302, 303, 305, 311, 316, 323, 331, 336, 355, 356, 372, 377, 396, 410, 418, 420, 436, 441, 442, 443, 462, 463, 466, 470, 474, 480, 488, 497, 503, 506]"
74,128,"[52, 65, 449, 511, 336, 169, 344, 280, 475, 402, 405, 81, 220, 506, 174, 299, 274, 278, 96, 342, 394, 490, 397, 339, 51, 203, 298, 416, 226, 504, 377, 204, 207, 508, 251, 430, 457, 407, 47, 163, 142, 266, 437, 53, 98, 252, 125, 285, 496, 277, 21, 54, 13, 331, 434, 141, 224, 75, 335, 310, 362, 135, 467, 445, 9, 45, 248, 33, 374, 316, 41, 487, 25, 44, 276, 212, 4, 189, 61, 216, 136, 140, 375, 58, 356, 86, 314, 458, 491, 114, 7, 489, 386, 378, 323, 308, 454, 259, 3, 88, 260, 197, 270, 84, 293, 187, 133, 351, 284, 103, 62, 176, 503, 129, 146, 325, 408, 128, 153, 359, 222, 233, 206, 182, 120, 14, 265, 2]","[195, 497, 219, 342, 165, 408, 248, 488, 362, 61, 136, 246, 210, 299, 137, 244, 147, 449, 1, 14, 434, 270, 340, 381, 184, 356, 470, 399, 187, 216, 33, 2, 496, 339, 374, 220, 45, 259, 224, 37, 489, 120, 175, 252, 483, 212, 41, 206, 35, 510, 135, 386, 21, 278, 336, 226, 325, 80, 405, 25, 377, 115, 30, 491, 130, 189, 199, 233, 376, 475, 250, 125, 288, 472, 285, 284, 458, 457, 97, 274, 315, 358, 511, 359, 276, 7, 323, 50, 182, 430, 431, 62, 258, 40, 365, 394, 260, 460, 3, 204, 129, 416, 88, 47, 174, 54, 164, 227, 81, 316, 91, 490, 504, 84, 142, 277, 375, 266, 100, 65, 397, 52, 310, 222, 13, 429, 176, 133]",0.66,"[2, 3, 7, 13, 14, 21, 25, 33, 41, 45, 47, 52, 54, 61, 62, 65, 81, 84, 88, 120, 125, 129, 133, 135, 136, 142, 174, 176, 182, 187, 189, 204, 206, 212, 216, 220, 222, 224, 226, 233, 248, 252, 259, 260, 266, 270, 274, 276, 277, 278, 284, 285, 299, 310, 316, 323, 325, 336, 339, 342, 356, 359, 362, 374, 375, 377, 386, 394, 397, 405, 408, 416, 430, 434, 449, 457, 458, 475, 489, 490, 491, 496, 504, 511]"
75,128,"[143, 140, 411, 339, 355, 330, 426, 428, 305, 242, 14, 501, 107, 248, 403, 449, 67, 485, 320, 384, 89, 32, 492, 499, 50, 13, 237, 482, 294, 188, 193, 258, 71, 344, 53, 81, 214, 363, 444, 437, 9, 83, 441, 36, 407, 246, 112, 448, 379, 184, 336, 274, 114, 239, 110, 292, 127, 25, 66, 275, 488, 352, 38, 473, 279, 23, 55, 288, 247, 487, 396, 65, 431, 366, 303, 415, 406, 261, 470, 141, 173, 125, 347, 226, 434, 109, 368, 351, 264, 180, 375, 15, 75, 34, 138, 48, 421, 349, 228, 5, 301, 483, 345, 90, 442, 252, 176, 190, 314, 136, 276, 142, 412, 11, 145, 271, 208, 134, 209, 280, 273, 300, 88, 122, 328, 477, 341, 479]","[225, 493, 134, 350, 468, 183, 431, 349, 232, 480, 54, 288, 336, 224, 438, 120, 52, 111, 269, 352, 19, 126, 31, 397, 456, 303, 3, 11, 256, 366, 140, 178, 66, 402, 132, 382, 176, 300, 226, 368, 193, 266, 345, 251, 185, 172, 21, 24, 109, 103, 323, 404, 130, 112, 149, 36, 391, 425, 93, 409, 252, 319, 192, 341, 5, 383, 422, 34, 248, 89, 484, 324, 294, 124, 279, 17, 343, 439, 18, 473, 107, 394, 201, 442, 175, 396, 388, 273, 508, 220, 355, 485, 384, 373, 229, 333, 311, 144, 205, 411, 318, 400, 35, 164, 68, 173, 414, 119, 501, 505, 171, 406, 48, 499, 212, 207, 354, 428, 62, 358, 123, 372, 69, 420, 23, 196, 367, 81]",0.352,"[5, 11, 23, 34, 36, 48, 66, 81, 89, 107, 109, 112, 134, 140, 173, 176, 193, 226, 248, 252, 273, 279, 288, 294, 300, 303, 336, 341, 345, 349, 352, 355, 366, 368, 384, 396, 406, 411, 428, 431, 442, 473, 485, 499, 501]"
76,128,"[508, 367, 206, 504, 330, 127, 323, 364, 160, 280, 58, 246, 300, 201, 80, 40, 31, 27, 30, 481, 10, 337, 339, 506, 290, 484, 171, 88, 408, 445, 297, 362, 6, 398, 90, 377, 286, 472, 507, 196, 181, 146, 304, 87, 217, 498, 21, 467, 71, 231, 111, 25, 82, 359, 214, 12, 343, 233, 461, 81, 257, 222, 324, 376, 187, 416, 418, 113, 299, 247, 243, 101, 97, 470, 14, 250, 261, 188, 432, 271, 70, 348, 312, 370, 184, 53, 52, 57, 407, 265, 331, 244, 116, 465, 193, 354, 463, 148, 285, 144, 278, 238, 28, 424, 449, 395, 86, 419, 415, 4, 492, 93, 394, 173, 119, 361, 346, 1, 423, 405, 19, 56, 0, 393, 510, 61, 45, 437]","[80, 458, 248, 89, 461, 323, 354, 4, 92, 87, 467, 299, 131, 367, 405, 465, 281, 292, 77, 21, 506, 306, 348, 247, 393, 359, 196, 455, 280, 29, 382, 338, 148, 231, 356, 285, 32, 416, 207, 339, 370, 0, 510, 261, 244, 437, 330, 78, 394, 401, 184, 483, 364, 286, 411, 409, 432, 11, 351, 395, 149, 415, 173, 361, 6, 410, 160, 418, 445, 422, 102, 265, 337, 266, 240, 484, 193, 488, 494, 94, 97, 312, 449, 162, 191, 168, 10, 427, 130, 222, 243, 362, 446, 349, 250, 331, 127, 324, 135, 200, 109, 314, 26, 214, 12, 473, 363, 119, 61, 159, 206, 407, 468, 383, 154, 470, 81, 136, 478, 233, 485, 52, 116, 377, 492, 70, 58, 14]",0.591,"[0, 4, 6, 10, 12, 14, 21, 52, 58, 61, 70, 80, 81, 87, 97, 116, 119, 127, 148, 160, 173, 184, 193, 196, 206, 214, 222, 231, 233, 243, 244, 247, 250, 261, 265, 280, 285, 286, 299, 312, 323, 324, 330, 331, 337, 339, 348, 354, 359, 361, 362, 364, 367, 370, 377, 393, 394, 395, 405, 407, 415, 416, 418, 432, 437, 445, 449, 461, 465, 467, 470, 484, 492, 506, 510]"
77,128,"[438, 402, 148, 207, 345, 492, 255, 193, 81, 252, 127, 508, 43, 103, 75, 210, 368, 135, 58, 179, 78, 34, 280, 311, 26, 425, 426, 113, 383, 100, 56, 352, 22, 488, 423, 77, 316, 357, 497, 285, 16, 500, 332, 350, 319, 397, 262, 510, 247, 443, 498, 339, 180, 15, 320, 76, 509, 351, 260, 159, 117, 391, 273, 6, 133, 1, 415, 446, 158, 157, 57, 44, 130, 84, 160, 33, 11, 101, 195, 292, 211, 373, 505, 269, 277, 437, 52, 3, 303, 73, 171, 126, 358, 72, 414, 13, 226, 359, 108, 469, 259, 405, 336, 87, 429, 95, 253, 375, 69, 396, 434, 299, 7, 385, 386, 485, 451, 304, 143, 466, 140, 302, 504, 442, 480, 458, 208, 64]","[98, 212, 15, 250, 472, 324, 14, 377, 478, 54, 101, 443, 200, 169, 28, 10, 110, 246, 34, 91, 480, 361, 192, 213, 103, 429, 356, 303, 138, 269, 397, 44, 351, 46, 391, 81, 87, 22, 230, 400, 306, 425, 33, 209, 380, 398, 157, 148, 456, 402, 84, 276, 332, 378, 5, 410, 305, 280, 383, 165, 19, 127, 438, 156, 119, 382, 507, 179, 118, 136, 88, 316, 470, 464, 452, 454, 203, 273, 13, 317, 503, 484, 190, 448, 501, 163, 390, 3, 1, 281, 160, 295, 243, 99, 195, 345, 117, 442, 231, 0, 193, 502, 433, 128, 466, 120, 93, 113, 226, 62, 7, 248, 207, 327, 196, 68, 462, 284, 262, 424, 504, 41, 373, 86, 261, 66, 293, 385]",0.378,"[1, 3, 7, 13, 15, 22, 33, 34, 44, 81, 84, 87, 101, 103, 113, 117, 127, 148, 157, 160, 179, 193, 195, 207, 226, 262, 269, 273, 280, 303, 316, 332, 345, 351, 373, 383, 385, 391, 397, 402, 425, 429, 438, 442, 443, 466, 480, 504]"
78,128,"[191, 61, 468, 243, 72, 11, 54, 68, 487, 486, 483, 377, 297, 126, 370, 259, 29, 115, 249, 274, 172, 478, 511, 423, 181, 158, 66, 382, 132, 164, 499, 494, 189, 461, 340, 505, 46, 342, 142, 65, 508, 169, 484, 314, 203, 360, 200, 449, 43, 495, 233, 53, 214, 341, 463, 62, 111, 439, 14, 95, 108, 242, 194, 301, 388, 465, 221, 208, 146, 136, 296, 178, 420, 303, 319, 305, 338, 444, 261, 368, 270, 133, 71, 373, 428, 352, 209, 289, 88, 268, 501, 260, 130, 55, 199, 9, 326, 285, 58, 47, 374, 466, 300, 99, 109, 12, 498, 276, 510, 148, 419, 192, 395, 23, 451, 80, 357, 422, 343, 51, 123, 70, 101, 323, 118, 15, 416, 471]","[146, 295, 217, 230, 363, 126, 220, 347, 116, 150, 297, 466, 508, 296, 128, 382, 115, 503, 300, 41, 285, 132, 79, 8, 212, 402, 69, 289, 266, 354, 197, 29, 332, 136, 169, 330, 30, 392, 209, 479, 342, 304, 195, 188, 28, 305, 318, 236, 341, 25, 261, 199, 118, 38, 181, 486, 505, 460, 178, 89, 15, 419, 345, 14, 70, 277, 246, 351, 43, 191, 148, 142, 352, 449, 65, 498, 158, 200, 247, 465, 368, 233, 292, 264, 303, 68, 58, 472, 451, 424, 343, 370, 214, 241, 101, 322, 64, 192, 47, 323, 471, 54, 123, 92, 416, 436, 55, 45, 294, 316, 447, 291, 201, 301, 377, 141, 407, 338, 242, 325, 420, 510, 439, 170, 324, 374, 483, 268]",0.54,"[14, 15, 29, 43, 47, 54, 55, 58, 65, 68, 70, 101, 115, 118, 123, 126, 132, 136, 142, 146, 148, 158, 169, 178, 181, 191, 192, 199, 200, 209, 214, 233, 242, 261, 268, 285, 289, 296, 297, 300, 301, 303, 305, 323, 338, 341, 342, 343, 352, 368, 370, 374, 377, 382, 416, 419, 420, 439, 449, 451, 465, 466, 471, 483, 486, 498, 505, 508, 510]"
79,128,"[97, 447, 173, 105, 358, 387, 86, 380, 209, 415, 274, 390, 260, 366, 431, 194, 245, 84, 438, 152, 459, 1, 42, 491, 481, 197, 87, 294, 407, 72, 395, 263, 507, 179, 90, 53, 200, 181, 321, 5, 336, 404, 364, 409, 502, 462, 180, 114, 148, 175, 287, 272, 228, 68, 85, 295, 501, 256, 83, 127, 465, 236, 484, 503, 221, 121, 57, 427, 483, 428, 237, 372, 224, 229, 172, 410, 58, 158, 102, 198, 356, 78, 268, 88, 354, 233, 10, 75, 400, 26, 278, 124, 73, 435, 309, 162, 420, 147, 338, 108, 3, 192, 39, 99, 421, 444, 473, 455, 331, 15, 471, 254, 183, 20, 55, 339, 391, 11, 398, 273, 451, 296, 399, 169, 456, 269, 255, 434]","[267, 10, 394, 224, 237, 27, 239, 11, 269, 158, 148, 75, 431, 438, 281, 54, 42, 157, 74, 296, 22, 210, 99, 306, 251, 233, 451, 329, 353, 336, 484, 279, 91, 427, 409, 278, 469, 331, 78, 88, 97, 483, 287, 135, 254, 358, 491, 183, 428, 419, 198, 122, 420, 179, 85, 30, 5, 256, 490, 124, 83, 402, 255, 364, 391, 455, 180, 280, 511, 84, 57, 55, 407, 15, 156, 276, 390, 38, 58, 399, 295, 317, 118, 47, 465, 171, 426, 53, 339, 441, 114, 381, 395, 257, 221, 504, 314, 17, 32, 49, 205, 410, 70, 56, 162, 173, 204, 236, 181, 152, 272, 169, 481, 309, 176, 145, 498, 464, 147, 68, 473, 73, 127, 322, 218, 39, 102, 192]",0.606,"[5, 10, 11, 15, 39, 42, 53, 55, 57, 58, 68, 73, 75, 78, 83, 84, 85, 88, 97, 99, 102, 114, 124, 127, 147, 148, 152, 158, 162, 169, 173, 179, 180, 181, 183, 192, 198, 221, 224, 233, 236, 237, 254, 255, 256, 269, 272, 278, 287, 295, 296, 309, 331, 336, 339, 358, 364, 390, 391, 395, 399, 407, 409, 410, 420, 427, 428, 431, 438, 451, 455, 465, 473, 481, 483, 484, 491]"
80,128,"[58, 3, 182, 209, 376, 11, 64, 334, 202, 429, 441, 32, 467, 193, 456, 167, 340, 314, 30, 103, 33, 303, 66, 0, 477, 37, 494, 170, 203, 246, 80, 323, 365, 353, 240, 400, 273, 108, 487, 282, 270, 166, 53, 275, 256, 183, 451, 223, 243, 424, 301, 449, 312, 398, 402, 462, 450, 236, 165, 212, 123, 198, 69, 50, 328, 444, 190, 486, 247, 484, 440, 346, 338, 329, 148, 500, 253, 359, 60, 255, 31, 176, 110, 506, 299, 386, 363, 278, 239, 65, 145, 62, 16, 469, 13, 14, 36, 360, 391, 51, 397, 39, 339, 105, 124, 431, 235, 261, 257, 120, 119, 505, 509, 130, 479, 412, 305, 28, 94, 507, 318, 290, 35, 29, 45, 217, 362, 511]","[14, 13, 0, 60, 261, 247, 350, 470, 360, 383, 198, 363, 29, 264, 106, 44, 471, 212, 255, 472, 110, 35, 438, 236, 228, 94, 216, 28, 450, 224, 397, 39, 155, 454, 301, 429, 123, 292, 507, 451, 145, 71, 183, 51, 220, 447, 218, 147, 153, 234, 505, 74, 509, 424, 328, 193, 69, 235, 398, 374, 469, 276, 26, 108, 312, 315, 359, 248, 47, 305, 435, 376, 488, 202, 164, 340, 120, 103, 299, 130, 53, 10, 386, 290, 440, 1, 16, 31, 246, 432, 314, 278, 394, 5, 353, 449, 477, 58, 33, 50, 194, 456, 170, 425, 162, 323, 291, 239, 303, 491, 210, 391, 346, 223, 406, 506, 326, 11, 467, 275, 308, 45, 441, 105, 487, 165, 119, 41]",0.637,"[0, 11, 13, 14, 16, 28, 29, 31, 33, 35, 39, 45, 50, 51, 53, 58, 60, 69, 94, 103, 105, 108, 110, 119, 120, 123, 130, 145, 165, 170, 183, 193, 198, 202, 212, 223, 235, 236, 239, 246, 247, 255, 261, 275, 278, 290, 299, 301, 303, 305, 312, 314, 323, 328, 340, 346, 353, 359, 360, 363, 376, 386, 391, 397, 398, 424, 429, 440, 441, 449, 450, 451, 456, 467, 469, 477, 487, 505, 506, 507, 509]"
81,128,"[307, 371, 430, 292, 483, 123, 216, 499, 259, 47, 77, 28, 227, 55, 222, 88, 108, 67, 280, 394, 341, 112, 309, 360, 186, 122, 403, 113, 249, 336, 66, 281, 43, 73, 165, 427, 496, 126, 70, 282, 356, 431, 238, 463, 138, 361, 57, 164, 188, 357, 508, 230, 203, 489, 337, 185, 408, 486, 493, 492, 449, 353, 297, 481, 44, 50, 71, 498, 35, 76, 405, 154, 289, 364, 317, 476, 2, 355, 143, 242, 260, 155, 87, 231, 78, 503, 312, 302, 416, 500, 221, 261, 445, 275, 14, 250, 422, 233, 488, 279, 411, 176, 468, 125, 52, 175, 456, 119, 421, 93, 17, 58, 509, 182, 102, 332, 398, 223, 276, 346, 454, 328, 34, 273, 211, 288, 305, 23]","[90, 242, 328, 360, 402, 197, 310, 168, 498, 171, 496, 404, 57, 239, 260, 55, 396, 139, 220, 397, 202, 249, 143, 393, 379, 289, 6, 176, 100, 154, 77, 286, 448, 305, 163, 323, 102, 403, 211, 355, 82, 25, 174, 12, 450, 238, 416, 483, 297, 91, 95, 155, 350, 5, 388, 52, 135, 265, 275, 151, 274, 431, 73, 479, 137, 28, 112, 432, 164, 309, 491, 97, 136, 157, 366, 308, 223, 216, 166, 358, 439, 108, 493, 294, 87, 122, 250, 307, 429, 76, 31, 375, 421, 172, 119, 259, 1, 255, 276, 43, 422, 186, 488, 34, 10, 161, 399, 475, 141, 438, 106, 492, 44, 231, 489, 312, 418, 80, 494, 487, 22, 420, 443, 268, 330, 200, 130, 299]",0.436,"[28, 34, 43, 44, 52, 55, 57, 73, 76, 77, 87, 102, 108, 112, 119, 122, 143, 154, 155, 164, 176, 186, 211, 216, 223, 231, 238, 242, 249, 250, 259, 260, 275, 276, 289, 297, 305, 307, 309, 312, 328, 355, 360, 403, 416, 421, 422, 431, 483, 488, 489, 492, 493, 496, 498]"
82,128,"[212, 48, 375, 238, 326, 172, 319, 311, 378, 424, 373, 2, 442, 303, 95, 199, 260, 343, 258, 234, 158, 398, 142, 417, 433, 383, 372, 359, 265, 253, 499, 154, 57, 414, 431, 39, 17, 32, 31, 268, 292, 407, 152, 29, 117, 456, 321, 15, 308, 250, 255, 87, 79, 482, 93, 427, 446, 339, 161, 192, 421, 315, 386, 415, 67, 230, 423, 6, 498, 130, 457, 365, 22, 207, 353, 84, 327, 263, 371, 307, 460, 395, 185, 60, 254, 147, 295, 119, 481, 267, 411, 69, 180, 30, 425, 164, 225, 502, 283, 377, 218, 323, 7, 245, 189, 121, 139, 437, 404, 73, 391, 216, 82, 434, 309, 356, 156, 259, 71, 105, 151, 288, 137, 304, 293, 190, 419, 314]","[34, 211, 462, 2, 0, 25, 297, 186, 128, 122, 492, 278, 41, 15, 197, 318, 20, 88, 60, 325, 294, 99, 309, 401, 70, 247, 288, 187, 30, 374, 373, 364, 356, 406, 100, 183, 72, 174, 283, 162, 291, 468, 340, 257, 304, 381, 311, 505, 141, 489, 270, 367, 268, 279, 127, 26, 204, 158, 443, 370, 89, 42, 57, 305, 78, 61, 83, 416, 241, 343, 433, 345, 184, 144, 157, 134, 333, 329, 447, 273, 143, 12, 323, 415, 154, 218, 166, 31, 444, 54, 238, 180, 22, 210, 337, 8, 267, 272, 190, 386, 460, 176, 116, 258, 101, 277, 320, 485, 226, 350, 227, 483, 142, 395, 286, 216, 11, 64, 482, 256, 317, 225, 47, 295, 240, 428, 424, 299]",0.287,"[2, 15, 22, 30, 31, 57, 60, 142, 154, 158, 180, 190, 216, 218, 225, 238, 258, 267, 268, 283, 288, 295, 304, 309, 311, 323, 343, 356, 373, 386, 395, 415, 424, 433, 460, 482]"
83,128,"[60, 68, 417, 331, 509, 349, 298, 218, 220, 58, 118, 234, 368, 293, 75, 100, 10, 114, 96, 324, 507, 304, 247, 97, 392, 238, 235, 261, 173, 401, 101, 477, 488, 408, 303, 62, 302, 342, 178, 346, 38, 281, 262, 470, 365, 51, 350, 221, 407, 14, 185, 317, 99, 511, 88, 311, 252, 66, 485, 414, 42, 239, 422, 46, 230, 458, 176, 424, 413, 111, 461, 279, 136, 175, 124, 283, 299, 440, 442, 94, 489, 30, 89, 409, 134, 188, 184, 139, 357, 107, 321, 120, 468, 508, 352, 35, 236, 28, 23, 141, 179, 398, 194, 27, 361, 399, 429, 332, 63, 445, 325, 436, 260, 155, 504, 59, 73, 0, 310, 376, 201, 6, 428, 56, 383, 466, 439, 191]","[243, 221, 276, 60, 466, 439, 191, 424, 470, 89, 408, 342, 414, 260, 509, 118, 23, 261, 50, 302, 507, 173, 35, 194, 101, 28, 262, 141, 248, 58, 474, 112, 325, 132, 411, 298, 341, 418, 303, 220, 49, 245, 238, 442, 251, 96, 392, 299, 12, 335, 421, 64, 310, 79, 314, 139, 401, 10, 237, 56, 66, 142, 422, 127, 405, 219, 440, 488, 232, 502, 171, 504, 344, 68, 331, 397, 97, 124, 0, 284, 501, 235, 458, 475, 317, 247, 370, 100, 163, 179, 461, 289, 494, 111, 78, 287, 42, 350, 395, 428, 239, 46, 51, 322, 364, 6, 399, 477, 75, 62, 59, 73, 279, 346, 332, 236, 407, 354, 352, 417, 263, 176, 185, 443, 324, 508, 338, 99]",0.652,"[0, 6, 10, 23, 28, 35, 42, 46, 51, 56, 58, 59, 60, 62, 66, 68, 73, 75, 89, 96, 97, 99, 100, 101, 111, 118, 124, 139, 141, 173, 176, 179, 185, 191, 194, 220, 221, 235, 236, 238, 239, 247, 260, 261, 262, 279, 298, 299, 302, 303, 310, 317, 324, 325, 331, 332, 342, 346, 350, 352, 392, 399, 401, 407, 408, 414, 417, 422, 424, 428, 439, 440, 442, 458, 461, 466, 470, 477, 488, 504, 507, 508, 509]"
84,128,"[314, 178, 294, 388, 57, 241, 196, 11, 231, 511, 214, 162, 258, 28, 405, 373, 452, 169, 98, 61, 173, 288, 142, 376, 352, 103, 374, 397, 438, 417, 249, 453, 330, 95, 435, 488, 76, 44, 503, 232, 441, 425, 97, 209, 272, 362, 367, 191, 300, 52, 158, 463, 401, 365, 339, 469, 501, 55, 140, 141, 217, 414, 286, 432, 334, 436, 74, 53, 92, 115, 219, 30, 280, 449, 287, 356, 192, 62, 506, 9, 321, 372, 457, 107, 245, 301, 478, 235, 77, 277, 213, 497, 476, 254, 255, 429, 430, 239, 408, 112, 337, 129, 347, 136, 128, 483, 458, 508, 202, 443, 133, 340, 320, 257, 114, 346, 151, 459, 150, 188, 377, 310, 450, 424, 41, 236, 343, 234]","[504, 463, 257, 111, 455, 290, 234, 216, 510, 136, 169, 285, 30, 372, 258, 144, 343, 269, 408, 486, 41, 274, 202, 426, 241, 166, 117, 98, 236, 441, 97, 345, 476, 511, 93, 300, 325, 488, 365, 436, 28, 91, 224, 107, 118, 388, 86, 392, 295, 449, 347, 294, 503, 445, 414, 435, 320, 279, 306, 26, 272, 362, 453, 358, 44, 506, 103, 162, 367, 259, 231, 432, 57, 337, 158, 478, 253, 140, 112, 115, 452, 95, 84, 53, 198, 209, 430, 235, 301, 129, 76, 394, 213, 280, 127, 196, 496, 421, 173, 424, 467, 497, 255, 299, 491, 454, 182, 79, 346, 249, 167, 375, 78, 397, 142, 70, 252, 321, 317, 9, 52, 64, 401, 329, 124, 312, 438, 479]",0.586,"[9, 28, 30, 41, 44, 52, 53, 57, 76, 95, 97, 98, 103, 107, 112, 115, 129, 136, 140, 142, 158, 162, 169, 173, 196, 202, 209, 213, 231, 234, 235, 236, 241, 249, 255, 257, 258, 272, 280, 294, 300, 301, 320, 321, 337, 343, 346, 347, 362, 365, 367, 372, 388, 397, 401, 408, 414, 424, 430, 432, 435, 436, 438, 441, 449, 452, 453, 463, 476, 478, 488, 497, 503, 506, 511]"
85,128,"[227, 17, 346, 293, 503, 379, 176, 488, 446, 185, 193, 453, 88, 25, 219, 228, 472, 394, 338, 416, 492, 168, 296, 343, 356, 266, 268, 475, 398, 381, 471, 80, 495, 359, 303, 284, 134, 152, 5, 66, 412, 440, 73, 18, 486, 386, 389, 8, 208, 108, 419, 218, 199, 349, 455, 328, 246, 485, 112, 4, 183, 452, 184, 406, 392, 67, 131, 223, 41, 429, 159, 0, 76, 130, 97, 493, 68, 77, 509, 231, 401, 272, 53, 374, 226, 148, 95, 15, 417, 11, 111, 511, 305, 269, 128, 352, 136, 19, 40, 172, 213, 98, 484, 260, 397, 422, 380, 405, 320, 142, 304, 358, 202, 299, 450, 245, 250, 254, 414, 255, 342, 340, 326, 330, 365, 300, 23, 479]","[336, 261, 511, 154, 293, 374, 461, 247, 403, 328, 485, 93, 450, 231, 73, 484, 137, 455, 327, 67, 343, 347, 71, 475, 417, 100, 208, 398, 111, 411, 199, 292, 495, 217, 420, 340, 246, 8, 57, 140, 210, 364, 104, 275, 342, 440, 77, 21, 17, 469, 0, 185, 97, 7, 2, 482, 254, 259, 376, 41, 15, 471, 381, 272, 76, 250, 11, 326, 493, 25, 300, 269, 266, 322, 228, 126, 396, 286, 301, 189, 131, 284, 356, 405, 221, 416, 444, 379, 386, 5, 488, 193, 148, 413, 305, 226, 43, 309, 183, 109, 359, 146, 70, 330, 23, 19, 245, 173, 452, 304, 278, 389, 492, 136, 414, 255, 159, 142, 151, 172, 219, 429, 130, 394, 486, 157, 406, 215]",0.629,"[0, 5, 8, 11, 15, 17, 19, 23, 25, 41, 67, 73, 76, 77, 97, 111, 130, 131, 136, 142, 148, 159, 172, 183, 185, 193, 199, 208, 219, 226, 228, 231, 245, 246, 250, 254, 255, 266, 269, 272, 284, 293, 300, 304, 305, 326, 328, 330, 340, 342, 343, 356, 359, 374, 379, 381, 386, 389, 394, 398, 405, 406, 414, 416, 417, 429, 440, 450, 452, 455, 471, 475, 484, 485, 486, 488, 492, 493, 495, 511]"
86,128,"[178, 237, 189, 297, 31, 299, 264, 147, 366, 355, 453, 390, 277, 209, 184, 98, 386, 154, 369, 70, 223, 338, 332, 253, 75, 165, 422, 437, 470, 458, 101, 426, 235, 398, 495, 20, 215, 200, 182, 47, 191, 346, 378, 413, 258, 152, 12, 485, 151, 14, 454, 77, 44, 298, 271, 108, 279, 306, 407, 475, 498, 27, 506, 172, 233, 96, 71, 30, 244, 5, 383, 219, 428, 391, 486, 87, 86, 471, 81, 319, 202, 351, 104, 350, 48, 119, 79, 159, 52, 304, 376, 389, 283, 55, 418, 339, 274, 442, 308, 324, 388, 423, 303, 212, 360, 183, 280, 252, 177, 198, 262, 490, 65, 226, 128, 167, 4, 66, 417, 3, 236, 137, 469, 207, 477, 412, 461, 356]","[137, 346, 187, 274, 471, 324, 351, 386, 141, 117, 277, 389, 350, 448, 443, 453, 46, 106, 63, 469, 383, 303, 504, 268, 398, 334, 77, 71, 244, 150, 104, 12, 65, 498, 369, 75, 394, 4, 47, 20, 338, 198, 184, 56, 273, 420, 355, 466, 376, 339, 264, 332, 319, 289, 233, 40, 81, 172, 178, 470, 3, 200, 27, 423, 210, 442, 219, 378, 128, 373, 55, 360, 304, 407, 154, 30, 397, 151, 94, 66, 372, 209, 271, 486, 87, 5, 399, 253, 212, 39, 147, 258, 366, 189, 390, 226, 422, 188, 495, 101, 96, 306, 108, 421, 236, 368, 391, 458, 477, 202, 29, 159, 48, 252, 506, 70, 182, 119, 437, 412, 143, 413, 183, 297, 511, 291, 490, 103]",0.739,"[3, 4, 5, 12, 20, 27, 30, 47, 48, 55, 65, 66, 70, 71, 75, 77, 81, 87, 96, 101, 104, 108, 119, 128, 137, 147, 151, 154, 159, 172, 178, 182, 183, 184, 189, 198, 200, 202, 209, 212, 219, 226, 233, 236, 244, 252, 253, 258, 264, 271, 274, 277, 297, 303, 304, 306, 319, 324, 332, 338, 339, 346, 350, 351, 355, 360, 366, 369, 376, 378, 383, 386, 389, 390, 391, 398, 407, 412, 413, 422, 423, 437, 442, 453, 458, 469, 470, 471, 477, 486, 490, 495, 498, 506]"
87,128,"[113, 31, 60, 100, 442, 193, 468, 376, 50, 213, 488, 190, 281, 484, 39, 368, 158, 395, 16, 255, 104, 329, 88, 138, 396, 340, 125, 443, 27, 46, 449, 208, 422, 147, 228, 293, 430, 139, 502, 489, 67, 221, 357, 448, 377, 47, 142, 108, 418, 34, 436, 508, 410, 177, 263, 295, 21, 427, 133, 92, 178, 76, 96, 149, 289, 74, 152, 277, 390, 70, 97, 82, 346, 40, 455, 460, 450, 358, 491, 287, 254, 310, 232, 343, 309, 148, 344, 220, 267, 339, 320, 439, 323, 301, 214, 426, 404, 356, 364, 236, 187, 467, 225, 195, 297, 44, 494, 162, 242, 382, 55, 83, 307, 424, 379, 330, 124, 48, 110, 188, 159, 18, 103, 8, 20, 45, 337, 317]","[125, 70, 221, 403, 128, 358, 508, 327, 46, 16, 158, 502, 44, 159, 41, 192, 228, 396, 74, 195, 147, 357, 289, 317, 491, 340, 98, 500, 198, 142, 242, 489, 395, 329, 47, 172, 35, 116, 293, 382, 18, 309, 277, 356, 39, 170, 96, 214, 184, 254, 152, 8, 130, 19, 139, 462, 426, 503, 443, 157, 196, 287, 133, 104, 332, 337, 294, 20, 63, 322, 100, 138, 429, 208, 422, 439, 300, 488, 267, 50, 148, 255, 330, 83, 97, 339, 390, 27, 282, 430, 76, 323, 468, 281, 129, 88, 67, 306, 108, 410, 379, 288, 295, 15, 260, 57, 320, 220, 494, 21, 368, 446, 153, 99, 431, 364, 344, 297, 236, 384, 178, 45, 177, 387, 112, 113, 31, 103]",0.696,"[8, 16, 18, 20, 21, 27, 31, 39, 44, 45, 46, 47, 50, 67, 70, 74, 76, 83, 88, 96, 97, 100, 103, 104, 108, 113, 125, 133, 138, 139, 142, 147, 148, 152, 158, 159, 177, 178, 195, 208, 214, 220, 221, 228, 236, 242, 254, 255, 267, 277, 281, 287, 289, 293, 295, 297, 309, 317, 320, 323, 329, 330, 337, 339, 340, 344, 356, 357, 358, 364, 368, 379, 382, 390, 395, 396, 410, 422, 426, 430, 439, 443, 468, 488, 489, 491, 494, 502, 508]"
88,128,"[406, 44, 120, 116, 241, 117, 77, 45, 219, 448, 262, 398, 369, 40, 397, 295, 360, 55, 79, 328, 473, 36, 429, 356, 317, 304, 475, 186, 293, 312, 5, 264, 233, 299, 250, 309, 387, 166, 468, 276, 97, 358, 487, 112, 283, 321, 423, 158, 457, 47, 335, 380, 82, 435, 244, 483, 172, 129, 425, 334, 436, 128, 187, 357, 109, 167, 101, 52, 274, 231, 338, 92, 426, 189, 94, 207, 230, 124, 342, 275, 350, 243, 449, 42, 348, 20, 145, 470, 484, 303, 239, 266, 173, 197, 164, 314, 382, 462, 395, 104, 327, 151, 220, 478, 277, 246, 386, 75, 313, 221, 8, 388, 315, 324, 35, 110, 183, 495, 403, 177, 203, 288, 278, 461, 13, 113, 410, 501]","[337, 189, 203, 51, 400, 92, 269, 356, 387, 381, 5, 297, 101, 91, 77, 46, 220, 300, 44, 131, 254, 373, 487, 89, 283, 86, 197, 292, 9, 268, 124, 163, 489, 334, 144, 326, 231, 81, 148, 427, 353, 480, 461, 287, 331, 7, 411, 320, 418, 119, 238, 31, 272, 459, 478, 14, 30, 435, 214, 88, 85, 325, 338, 45, 115, 309, 147, 354, 121, 186, 488, 228, 498, 106, 299, 193, 49, 484, 469, 41, 372, 449, 78, 323, 344, 206, 57, 102, 321, 82, 494, 42, 383, 446, 455, 69, 473, 156, 256, 453, 294, 109, 348, 433, 301, 434, 174, 23, 414, 29, 164, 95, 310, 215, 21, 17, 37, 133, 38, 496, 246, 210, 343, 288, 382, 365, 322, 48]",0.287,"[5, 42, 44, 45, 77, 82, 92, 101, 109, 124, 164, 186, 189, 197, 203, 220, 231, 246, 283, 288, 299, 309, 321, 334, 338, 348, 356, 382, 387, 435, 449, 461, 473, 478, 484, 487]"
89,128,"[293, 445, 65, 400, 154, 152, 485, 353, 470, 129, 359, 11, 222, 23, 72, 308, 74, 414, 451, 258, 2, 434, 337, 31, 500, 66, 297, 189, 393, 142, 143, 201, 13, 163, 416, 27, 233, 88, 221, 161, 174, 234, 21, 85, 157, 57, 236, 155, 490, 76, 200, 495, 53, 103, 462, 502, 46, 29, 153, 438, 10, 316, 326, 287, 54, 257, 309, 501, 69, 59, 349, 120, 425, 146, 409, 330, 443, 509, 213, 389, 498, 169, 452, 407, 322, 300, 0, 12, 418, 307, 481, 421, 363, 442, 116, 1, 229, 82, 472, 180, 58, 105, 47, 114, 351, 336, 39, 449, 272, 204, 14, 475, 294, 296, 195, 102, 238, 408, 16, 374, 25, 239, 342, 275, 89, 172, 290, 144]","[445, 470, 222, 179, 11, 116, 472, 22, 72, 425, 57, 495, 76, 379, 412, 452, 89, 46, 453, 167, 316, 287, 213, 85, 421, 190, 10, 154, 120, 144, 13, 152, 427, 65, 226, 330, 322, 180, 490, 16, 95, 94, 221, 141, 309, 105, 449, 25, 31, 263, 335, 27, 414, 82, 142, 333, 39, 500, 204, 103, 433, 416, 300, 485, 389, 351, 35, 353, 206, 161, 259, 481, 371, 66, 23, 329, 418, 488, 502, 117, 408, 434, 69, 62, 438, 289, 326, 44, 239, 264, 409, 234, 173, 19, 12, 233, 275, 337, 503, 266, 155, 442, 163, 498, 0, 54, 181, 55, 294, 443, 456, 386, 407, 37, 511, 267, 114, 157, 363, 83, 220, 466, 393, 398, 97, 53, 195, 328]",0.657,"[0, 10, 11, 12, 13, 16, 23, 25, 27, 31, 39, 46, 53, 54, 57, 65, 66, 69, 72, 76, 82, 85, 89, 103, 105, 114, 116, 120, 142, 144, 152, 154, 155, 157, 161, 163, 180, 195, 204, 213, 221, 222, 233, 234, 239, 275, 287, 294, 300, 309, 316, 322, 326, 330, 337, 351, 353, 363, 389, 393, 407, 408, 409, 414, 416, 418, 421, 425, 434, 438, 442, 443, 445, 449, 452, 470, 472, 481, 485, 490, 495, 498, 500, 502]"
90,128,"[435, 174, 246, 489, 331, 63, 306, 120, 46, 388, 191, 391, 240, 72, 3, 117, 127, 128, 406, 436, 209, 229, 416, 34, 493, 103, 481, 293, 281, 13, 69, 133, 291, 302, 491, 419, 420, 234, 67, 29, 469, 48, 109, 217, 221, 490, 21, 220, 81, 305, 158, 414, 277, 307, 16, 438, 450, 98, 269, 409, 114, 205, 259, 6, 474, 350, 470, 484, 404, 263, 157, 300, 280, 23, 462, 177, 347, 506, 47, 235, 52, 369, 487, 499, 352, 192, 218, 43, 477, 278, 445, 181, 354, 4, 286, 492, 84, 447, 79, 333, 206, 509, 198, 214, 283, 49, 272, 95, 216, 146, 426, 424, 500, 393, 355, 129, 251, 230, 92, 432, 396, 2, 498, 24, 165, 99, 510, 151]","[217, 52, 430, 199, 503, 103, 330, 169, 415, 376, 427, 153, 49, 16, 476, 325, 421, 366, 359, 172, 171, 477, 335, 379, 419, 469, 108, 130, 218, 492, 338, 289, 251, 264, 30, 414, 124, 144, 380, 275, 92, 180, 101, 71, 123, 318, 115, 508, 356, 466, 84, 490, 486, 117, 284, 87, 290, 402, 510, 350, 40, 331, 88, 215, 308, 247, 385, 367, 253, 234, 478, 240, 245, 432, 269, 487, 95, 355, 474, 97, 467, 320, 334, 409, 118, 312, 343, 303, 267, 70, 179, 389, 473, 157, 479, 309, 501, 222, 439, 227, 433, 298, 261, 369, 193, 424, 2, 93, 23, 53, 507, 31, 109, 398, 451, 306, 361, 63, 13, 41, 15, 22, 304, 390, 299, 198, 471, 79]",0.31,"[2, 13, 16, 23, 49, 52, 63, 79, 84, 92, 95, 103, 109, 117, 157, 198, 217, 218, 234, 240, 251, 269, 306, 331, 350, 355, 369, 409, 414, 419, 424, 432, 469, 474, 477, 487, 490, 492, 510]"
91,128,"[264, 256, 262, 502, 481, 37, 339, 227, 288, 14, 329, 96, 454, 201, 190, 247, 429, 263, 319, 286, 94, 238, 41, 131, 443, 306, 162, 209, 261, 192, 205, 252, 258, 169, 211, 159, 127, 222, 505, 191, 3, 315, 472, 358, 344, 354, 24, 140, 356, 97, 297, 376, 489, 179, 447, 492, 452, 101, 310, 424, 182, 213, 420, 75, 438, 72, 453, 419, 321, 408, 30, 490, 151, 405, 427, 322, 80, 233, 4, 154, 133, 406, 137, 372, 488, 68, 148, 150, 55, 81, 163, 503, 332, 342, 350, 28, 411, 241, 326, 363, 414, 276, 425, 422, 309, 83, 417, 484, 107, 473, 33, 136, 114, 25, 234, 499, 291, 361, 337, 237, 147, 477, 378, 434, 303, 63, 313, 2]","[230, 26, 126, 417, 511, 448, 374, 80, 79, 372, 284, 253, 258, 83, 70, 505, 277, 117, 306, 403, 443, 184, 316, 240, 352, 12, 41, 483, 221, 115, 218, 27, 165, 416, 394, 107, 158, 118, 287, 354, 133, 255, 477, 101, 250, 178, 210, 65, 89, 363, 149, 466, 174, 36, 413, 397, 422, 145, 161, 509, 72, 137, 427, 102, 30, 302, 188, 378, 208, 123, 286, 473, 131, 439, 440, 139, 391, 282, 33, 459, 249, 399, 197, 189, 362, 319, 93, 78, 506, 223, 129, 375, 4, 135, 245, 56, 336, 415, 330, 138, 418, 251, 86, 500, 272, 16, 411, 510, 475, 95, 9, 154, 308, 215, 373, 194, 211, 297, 168, 254, 108, 162, 425, 11, 105, 81, 423, 386]",0.27,"[4, 30, 33, 41, 72, 80, 81, 83, 101, 107, 131, 133, 137, 154, 162, 211, 258, 286, 297, 306, 319, 354, 363, 372, 378, 411, 417, 422, 425, 427, 443, 473, 477, 505]"
92,128,"[280, 174, 403, 202, 261, 239, 302, 60, 207, 73, 120, 423, 134, 272, 167, 506, 359, 366, 42, 428, 389, 187, 460, 457, 459, 253, 424, 464, 82, 209, 303, 262, 340, 413, 435, 401, 146, 0, 8, 43, 309, 71, 310, 48, 252, 363, 327, 166, 409, 52, 2, 158, 109, 255, 103, 238, 51, 306, 446, 142, 27, 371, 356, 493, 148, 362, 99, 431, 480, 454, 354, 212, 240, 90, 140, 254, 250, 501, 271, 279, 318, 320, 264, 53, 198, 495, 288, 151, 378, 123, 433, 407, 256, 355, 400, 347, 443, 270, 488, 59, 426, 108, 315, 246, 199, 379, 98, 222, 308, 374, 228, 107, 321, 38, 172, 411, 61, 497, 268, 313, 100, 432, 265, 382, 33, 64, 173, 491]","[339, 469, 133, 480, 166, 504, 67, 347, 290, 356, 82, 409, 198, 97, 378, 96, 288, 62, 327, 424, 22, 477, 337, 449, 392, 389, 348, 4, 415, 452, 207, 395, 423, 457, 330, 54, 324, 2, 254, 405, 458, 143, 265, 36, 110, 115, 444, 149, 382, 193, 226, 146, 256, 279, 43, 401, 38, 476, 464, 494, 39, 175, 233, 264, 341, 475, 135, 117, 383, 493, 71, 30, 355, 241, 208, 179, 433, 484, 364, 42, 459, 53, 108, 325, 119, 174, 445, 381, 142, 497, 306, 186, 467, 377, 191, 411, 318, 173, 230, 61, 72, 352, 353, 251, 249, 263, 160, 359, 48, 98, 470, 309, 25, 85, 428, 303, 118, 465, 170, 363, 0, 66, 99, 51, 453, 60, 294, 213]",0.429,"[0, 2, 38, 42, 43, 48, 51, 53, 60, 61, 71, 82, 98, 99, 108, 142, 146, 166, 173, 174, 198, 207, 254, 256, 264, 265, 279, 288, 303, 306, 309, 318, 327, 347, 355, 356, 359, 363, 378, 382, 389, 401, 409, 411, 423, 424, 428, 433, 457, 459, 464, 480, 493, 497]"
93,128,"[53, 135, 247, 379, 327, 179, 79, 211, 132, 481, 202, 143, 153, 377, 499, 162, 71, 58, 279, 74, 46, 60, 468, 126, 177, 474, 110, 232, 43, 217, 77, 465, 141, 478, 68, 75, 351, 376, 49, 372, 340, 137, 65, 262, 348, 306, 452, 374, 304, 335, 511, 299, 428, 42, 0, 213, 507, 252, 434, 497, 330, 389, 365, 408, 414, 70, 394, 319, 482, 239, 120, 272, 509, 237, 191, 24, 461, 115, 251, 100, 236, 422, 219, 267, 270, 358, 16, 356, 462, 369, 416, 479, 485, 492, 78, 84, 300, 136, 343, 172, 276, 12, 229, 495, 257, 148, 388, 471, 382, 451, 95, 352, 152, 62, 8, 207, 504, 393, 48, 66, 390, 255, 244, 503, 196, 444, 397, 404]","[74, 288, 84, 470, 180, 48, 87, 343, 404, 185, 437, 153, 58, 451, 392, 178, 434, 39, 232, 393, 359, 77, 211, 188, 141, 130, 414, 350, 179, 468, 411, 243, 370, 489, 53, 207, 304, 0, 457, 100, 252, 66, 110, 509, 365, 499, 394, 356, 479, 315, 503, 70, 471, 115, 462, 16, 306, 117, 351, 279, 229, 60, 428, 417, 75, 4, 41, 267, 378, 12, 217, 485, 422, 495, 49, 335, 376, 497, 213, 263, 239, 277, 219, 177, 247, 196, 38, 202, 215, 136, 300, 255, 330, 327, 507, 390, 478, 191, 42, 397, 299, 492, 144, 65, 122, 371, 236, 374, 68, 251, 80, 358, 162, 129, 109, 112, 340, 71, 244, 322, 372, 120, 474, 276, 89, 348, 43, 377]",0.717,"[0, 12, 16, 42, 43, 48, 49, 53, 58, 60, 65, 66, 68, 70, 71, 74, 75, 77, 84, 100, 110, 115, 120, 136, 141, 153, 162, 177, 179, 191, 196, 202, 207, 211, 213, 217, 219, 229, 232, 236, 239, 244, 247, 251, 252, 255, 267, 276, 279, 299, 300, 304, 306, 327, 330, 335, 340, 343, 348, 351, 356, 358, 365, 372, 374, 376, 377, 390, 393, 394, 397, 404, 414, 422, 428, 434, 451, 462, 468, 471, 474, 478, 479, 485, 492, 495, 497, 499, 503, 507, 509]"
94,128,"[295, 208, 129, 448, 178, 185, 145, 441, 240, 284, 301, 369, 266, 484, 412, 210, 279, 498, 246, 51, 135, 428, 131, 253, 293, 28, 509, 367, 34, 500, 79, 68, 108, 439, 255, 313, 485, 316, 101, 488, 272, 394, 7, 383, 231, 196, 161, 72, 505, 147, 78, 88, 47, 32, 410, 170, 480, 71, 186, 381, 222, 473, 144, 353, 377, 220, 143, 221, 256, 137, 300, 25, 351, 209, 430, 417, 499, 183, 358, 345, 326, 457, 238, 438, 103, 460, 59, 38, 403, 330, 259, 179, 127, 361, 490, 406, 486, 328, 494, 241, 91, 189, 290, 0, 245, 468, 201, 327, 432, 82, 508, 130, 157, 194, 314, 283, 507, 75, 119, 125, 270, 174, 140, 110, 74, 307, 44, 349]","[383, 476, 479, 137, 216, 115, 7, 134, 74, 66, 183, 281, 68, 130, 147, 222, 251, 362, 232, 108, 240, 231, 174, 312, 136, 255, 97, 480, 447, 27, 491, 311, 87, 307, 186, 500, 84, 394, 425, 208, 72, 295, 146, 86, 353, 375, 38, 220, 282, 393, 385, 207, 252, 405, 377, 509, 316, 45, 407, 124, 442, 278, 88, 98, 276, 430, 309, 324, 302, 116, 111, 501, 71, 341, 308, 258, 165, 163, 149, 461, 445, 340, 262, 349, 83, 298, 266, 218, 503, 57, 51, 466, 505, 321, 135, 277, 396, 508, 96, 241, 457, 369, 423, 293, 44, 204, 158, 450, 92, 10, 94, 184, 414, 488, 473, 346, 247, 157, 91, 28, 481, 42, 200, 131, 114, 431, 104, 489]",0.379,"[7, 28, 38, 44, 51, 68, 71, 72, 74, 88, 91, 108, 130, 131, 135, 137, 147, 157, 174, 183, 186, 208, 220, 222, 231, 240, 241, 255, 266, 293, 295, 307, 316, 349, 353, 369, 377, 383, 394, 430, 457, 473, 480, 488, 500, 505, 508, 509]"
95,128,"[436, 397, 469, 147, 316, 340, 29, 85, 251, 203, 301, 8, 282, 43, 486, 16, 380, 427, 477, 332, 363, 77, 117, 326, 269, 404, 445, 389, 164, 345, 252, 420, 496, 86, 157, 135, 293, 320, 474, 413, 159, 45, 364, 354, 258, 65, 402, 398, 78, 129, 426, 31, 405, 448, 471, 126, 106, 168, 118, 217, 66, 460, 187, 493, 383, 240, 123, 207, 425, 481, 153, 408, 223, 350, 441, 76, 70, 180, 61, 372, 72, 341, 392, 3, 81, 248, 459, 289, 442, 297, 298, 461, 93, 315, 322, 211, 241, 511, 236, 244, 56, 11, 102, 385, 176, 206, 431, 343, 361, 185, 303, 259, 507, 178, 130, 7, 415, 202, 495, 5, 67, 278, 276, 198, 456, 219, 2, 329]","[5, 11, 289, 211, 301, 101, 43, 86, 322, 367, 81, 389, 227, 130, 235, 323, 59, 144, 198, 29, 78, 412, 298, 72, 65, 321, 145, 56, 429, 477, 495, 210, 293, 270, 70, 166, 76, 171, 471, 506, 282, 194, 364, 102, 2, 207, 79, 447, 459, 461, 278, 343, 206, 456, 187, 250, 511, 123, 247, 406, 176, 386, 236, 392, 462, 297, 129, 162, 13, 404, 34, 200, 361, 332, 432, 244, 326, 469, 119, 380, 159, 146, 350, 488, 104, 316, 336, 427, 315, 108, 163, 66, 23, 258, 441, 26, 135, 363, 84, 94, 185, 87, 464, 252, 1, 356, 344, 7, 448, 67, 346, 385, 157, 490, 85, 354, 106, 180, 442, 320, 223, 100, 425, 285, 333, 413, 269, 50]",0.603,"[2, 5, 7, 11, 29, 43, 56, 65, 66, 67, 70, 72, 76, 78, 81, 85, 86, 102, 106, 123, 129, 130, 135, 157, 159, 176, 180, 185, 187, 198, 206, 207, 211, 223, 236, 244, 252, 258, 269, 278, 282, 289, 293, 297, 298, 301, 315, 316, 320, 322, 326, 332, 343, 350, 354, 361, 363, 364, 380, 385, 389, 392, 404, 413, 425, 427, 441, 442, 448, 456, 459, 461, 469, 471, 477, 495, 511]"
96,128,"[331, 265, 419, 440, 285, 396, 203, 17, 412, 314, 366, 494, 490, 124, 262, 464, 308, 326, 11, 238, 339, 369, 380, 421, 487, 503, 204, 322, 115, 449, 336, 381, 286, 393, 255, 316, 378, 501, 468, 188, 400, 244, 41, 100, 390, 465, 95, 438, 119, 493, 509, 74, 113, 386, 436, 335, 90, 40, 92, 148, 77, 384, 401, 64, 361, 80, 296, 1, 50, 297, 161, 481, 114, 383, 486, 126, 508, 230, 397, 155, 131, 430, 506, 218, 485, 73, 473, 57, 497, 247, 111, 158, 157, 323, 29, 206, 263, 117, 427, 302, 466, 217, 364, 352, 434, 222, 253, 233, 392, 416, 164, 194, 499, 463, 251, 63, 38, 344, 477, 353, 35, 151, 116, 106, 231, 236, 452, 30]","[263, 395, 148, 493, 326, 137, 456, 353, 394, 275, 14, 510, 52, 451, 25, 465, 509, 224, 445, 84, 37, 112, 93, 422, 67, 473, 262, 231, 479, 62, 415, 213, 320, 291, 501, 39, 18, 316, 421, 318, 188, 487, 416, 206, 293, 40, 41, 442, 414, 463, 73, 499, 466, 247, 178, 477, 106, 271, 63, 450, 180, 234, 412, 336, 352, 506, 367, 164, 311, 64, 115, 238, 111, 181, 253, 233, 81, 508, 438, 170, 8, 322, 443, 484, 494, 255, 378, 0, 361, 370, 485, 203, 383, 366, 11, 355, 151, 157, 281, 242, 127, 260, 511, 495, 284, 339, 36, 136, 92, 434, 490, 146, 282, 376, 114, 4, 347, 410, 80, 78, 464, 103, 47, 244, 496, 225, 364, 168]",0.483,"[11, 40, 41, 63, 64, 73, 80, 92, 106, 111, 114, 115, 148, 151, 157, 164, 188, 203, 206, 231, 233, 238, 244, 247, 253, 255, 262, 263, 316, 322, 326, 336, 339, 352, 353, 361, 364, 366, 378, 383, 412, 416, 421, 434, 438, 463, 464, 465, 466, 473, 477, 485, 487, 490, 493, 494, 499, 501, 506, 508, 509]"
97,128,"[151, 481, 200, 502, 475, 131, 423, 247, 194, 229, 100, 395, 459, 425, 372, 309, 176, 433, 30, 74, 369, 296, 399, 302, 107, 497, 81, 115, 434, 19, 58, 380, 207, 446, 209, 493, 192, 174, 193, 36, 32, 494, 477, 492, 464, 284, 397, 147, 376, 125, 75, 316, 473, 415, 409, 96, 47, 0, 333, 266, 253, 420, 5, 242, 148, 344, 418, 386, 145, 45, 412, 267, 501, 65, 13, 160, 18, 25, 163, 7, 262, 83, 183, 220, 156, 51, 101, 57, 202, 42, 46, 165, 389, 474, 257, 466, 6, 166, 462, 413, 373, 330, 31, 439, 319, 204, 249, 312, 273, 287, 390, 424, 339, 102, 250, 368, 322, 483, 59, 358, 91, 153, 224, 40, 301, 137, 150, 357]","[95, 25, 462, 338, 481, 201, 509, 349, 411, 257, 148, 67, 346, 103, 224, 402, 207, 501, 463, 194, 82, 205, 330, 347, 502, 434, 339, 125, 439, 183, 92, 247, 91, 249, 7, 309, 279, 171, 71, 102, 5, 418, 353, 377, 4, 413, 475, 186, 302, 380, 150, 354, 254, 231, 399, 96, 57, 397, 106, 75, 356, 424, 464, 0, 47, 368, 139, 246, 241, 319, 448, 474, 160, 40, 153, 29, 374, 42, 415, 229, 297, 107, 293, 358, 395, 486, 393, 473, 308, 312, 94, 372, 250, 301, 318, 322, 345, 220, 59, 8, 389, 122, 169, 34, 433, 394, 225, 192, 129, 303, 20, 163, 53, 218, 306, 74, 259, 373, 131, 31, 390, 483, 273, 115, 409, 209, 51, 144]",0.578,"[0, 5, 7, 25, 31, 40, 42, 47, 51, 57, 59, 74, 75, 91, 96, 102, 107, 115, 125, 131, 148, 150, 153, 160, 163, 183, 192, 194, 207, 209, 220, 224, 229, 247, 249, 250, 257, 273, 301, 302, 309, 312, 319, 322, 330, 339, 358, 368, 372, 373, 380, 389, 390, 395, 397, 399, 409, 413, 415, 418, 424, 433, 434, 439, 462, 464, 473, 474, 475, 481, 483, 501, 502]"
98,128,"[59, 52, 65, 139, 112, 474, 81, 391, 150, 131, 267, 32, 239, 181, 418, 102, 194, 20, 225, 344, 216, 486, 13, 167, 480, 70, 249, 248, 217, 133, 477, 381, 212, 33, 200, 320, 197, 294, 428, 264, 305, 397, 114, 136, 231, 287, 396, 455, 177, 272, 263, 8, 96, 501, 188, 54, 37, 44, 39, 427, 178, 453, 26, 333, 487, 224, 374, 506, 220, 489, 466, 189, 80, 503, 193, 243, 209, 389, 421, 160, 86, 460, 278, 354, 132, 165, 206, 285, 443, 499, 457, 56, 203, 73, 277, 378, 120, 232, 31, 69, 66, 403, 40, 422, 470, 145, 284, 171, 237, 431, 377, 63, 143, 290, 361, 353, 18, 215, 170, 356, 412, 343, 183, 317, 394, 51, 213, 279]","[56, 215, 381, 503, 92, 216, 116, 31, 275, 131, 391, 194, 25, 443, 145, 193, 480, 50, 231, 264, 378, 128, 165, 252, 472, 178, 108, 224, 374, 243, 489, 28, 205, 51, 83, 397, 102, 418, 120, 274, 394, 227, 413, 181, 285, 170, 506, 342, 431, 126, 353, 278, 261, 239, 361, 457, 62, 477, 305, 54, 267, 219, 403, 69, 203, 452, 290, 162, 188, 486, 225, 70, 317, 377, 444, 294, 447, 283, 96, 183, 400, 86, 209, 197, 26, 355, 237, 277, 125, 13, 212, 232, 40, 159, 499, 200, 66, 396, 133, 319, 44, 136, 110, 453, 419, 58, 81, 344, 91, 308, 498, 52, 265, 271, 435, 17, 235, 474, 61, 88, 263, 73, 112, 438, 356, 65, 487, 33]",0.661,"[13, 26, 31, 33, 40, 44, 51, 52, 54, 56, 65, 66, 69, 70, 73, 81, 86, 96, 102, 112, 120, 131, 133, 136, 145, 165, 170, 178, 181, 183, 188, 193, 194, 197, 200, 203, 209, 212, 215, 216, 224, 225, 231, 232, 237, 239, 243, 263, 264, 267, 277, 278, 285, 290, 294, 305, 317, 344, 353, 356, 361, 374, 377, 378, 381, 391, 394, 396, 397, 403, 418, 431, 443, 453, 457, 474, 477, 480, 486, 487, 489, 499, 503, 506]"
99,128,"[267, 460, 325, 290, 151, 225, 389, 401, 308, 47, 390, 358, 21, 491, 3, 330, 206, 46, 99, 68, 269, 81, 63, 35, 221, 111, 92, 13, 505, 439, 278, 199, 373, 42, 177, 370, 469, 166, 107, 172, 484, 293, 486, 272, 420, 409, 162, 371, 26, 472, 316, 305, 314, 372, 384, 62, 335, 124, 45, 488, 356, 421, 236, 441, 503, 52, 122, 112, 497, 43, 88, 60, 145, 165, 241, 31, 204, 348, 337, 153, 39, 142, 178, 242, 16, 101, 80, 61, 277, 317, 353, 171, 256, 456, 181, 408, 207, 318, 315, 432, 399, 285, 77, 262, 324, 163, 25, 115, 231, 202, 184, 418, 15, 216, 64, 167, 296, 438, 475, 5, 265, 48, 102, 508, 209, 119, 311, 422]","[231, 124, 74, 201, 25, 256, 13, 265, 485, 152, 469, 103, 452, 272, 57, 310, 8, 450, 363, 290, 293, 199, 51, 217, 491, 241, 118, 345, 269, 204, 364, 369, 148, 4, 238, 440, 26, 505, 399, 421, 472, 53, 43, 306, 17, 73, 6, 24, 478, 460, 111, 375, 5, 327, 177, 441, 221, 207, 39, 101, 373, 484, 384, 162, 361, 156, 414, 477, 159, 99, 317, 488, 165, 27, 289, 400, 195, 302, 146, 346, 325, 132, 160, 508, 31, 456, 408, 314, 370, 270, 107, 466, 319, 115, 331, 251, 470, 409, 89, 105, 374, 359, 458, 476, 10, 312, 427, 254, 167, 143, 395, 206, 464, 255, 12, 21, 436, 16, 437, 349, 38, 297, 489, 164, 313, 68, 360, 46]",0.428,"[5, 13, 16, 21, 25, 26, 31, 39, 43, 46, 68, 99, 101, 107, 111, 115, 124, 162, 165, 167, 177, 199, 204, 206, 207, 221, 231, 241, 256, 265, 269, 272, 290, 293, 314, 317, 325, 370, 373, 384, 399, 408, 409, 421, 441, 456, 460, 469, 472, 484, 488, 491, 505, 508]"
