id,n_sentences,input,answer
0,16,"India and Mexico signed a joint statement on trade. Brazil and Greece signed a joint statement on trade. Exports from Australia rose sharply while Spain reported a decline. Exports from Spain rose sharply while India reported a decline. After leaving China, the group spent three weeks in Italy. Exports from Peru rose sharply while Australia reported a decline. The delegation travelled from Mexico to Egypt before the summit. The documentary contrasted life in Argentina with that in Italy. The documentary contrasted life in Argentina with that in India. Chile and Greece signed a joint statement on trade. The delegation travelled from Egypt to Peru before the summit. The documentary contrasted life in Spain with that in Greece. The delegation travelled from France to Spain before the summit. Australia and Sweden signed a joint statement on trade. After leaving Japan, the group spent three weeks in Chile. The delegation travelled from Norway to Poland before the summit.","{""Argentina"": 2, ""Australia"": 3, ""Brazil"": 1, ""Chile"": 2, ""China"": 1, ""Egypt"": 2, ""France"": 1, ""Greece"": 3, ""India"": 3, ""Italy"": 2, ""Japan"": 1, ""Mexico"": 2, ""Norway"": 1, ""Peru"": 2, ""Poland"": 1, ""Spain"": 4, ""Sweden"": 1}"
1,16,"Researchers in Kenya collaborated with a team based in Mexico. Exports from Chile rose sharply while Canada reported a decline. The delegation travelled from Mexico to Kenya before the summit. The delegation travelled from Sweden to Australia before the summit. Argentina and Mexico signed a joint statement on trade. Greece and China signed a joint statement on trade. Researchers in Kenya collaborated with a team based in Germany. The delegation travelled from Sweden to Brazil before the summit. Brazil and Spain signed a joint statement on trade. The delegation travelled from Kenya to Spain before the summit. The delegation travelled from Italy to Brazil before the summit. China and Argentina signed a joint statement on trade. The delegation travelled from India to Chile before the summit. Sweden and Australia signed a joint statement on trade. After leaving Argentina, the group spent three weeks in Canada. Exports from India rose sharply while Norway reported a decline.","{""Argentina"": 3, ""Australia"": 2, ""Brazil"": 3, ""Canada"": 2, ""Chile"": 2, ""China"": 2, ""Germany"": 1, ""Greece"": 1, ""India"": 2, ""Italy"": 1, ""Kenya"": 4, ""Mexico"": 3, ""Norway"": 1, ""Spain"": 2, ""Sweden"": 3}"
2,16,Exports from France rose sharply while India reported a decline. Exports from Argentina rose sharply while Sweden reported a decline. Norway and Spain signed a joint statement on trade. Researchers in France collaborated with a team based in Greece. Norway and Germany signed a joint statement on trade. Researchers in Japan collaborated with a team based in Argentina. Researchers in Spain collaborated with a team based in Chile. Exports from Argentina rose sharply while Mexico reported a decline. Sweden and Canada signed a joint statement on trade. Exports from Kenya rose sharply while Japan reported a decline. The documentary contrasted life in India with that in Canada. Researchers in India collaborated with a team based in Australia. The delegation travelled from Norway to Italy before the summit. The documentary contrasted life in Argentina with that in Spain. Exports from Canada rose sharply while Australia reported a decline. Researchers in Egypt collaborated with a team based in Kenya.,"{""Argentina"": 4, ""Australia"": 2, ""Canada"": 3, ""Chile"": 1, ""Egypt"": 1, ""France"": 2, ""Germany"": 1, ""Greece"": 1, ""India"": 3, ""Italy"": 1, ""Japan"": 2, ""Kenya"": 2, ""Mexico"": 1, ""Norway"": 3, ""Spain"": 3, ""Sweden"": 2}"
3,16,"Mexico and Brazil signed a joint statement on trade. Exports from Norway rose sharply while Germany reported a decline. Exports from Peru rose sharply while China reported a decline. Researchers in Germany collaborated with a team based in Mexico. The documentary contrasted life in Italy with that in Spain. After leaving Canada, the group spent three weeks in Greece. The delegation travelled from Germany to Spain before the summit. Researchers in Japan collaborated with a team based in Canada. Exports from Egypt rose sharply while Chile reported a decline. Exports from Kenya rose sharply while Greece reported a decline. After leaving Sweden, the group spent three weeks in China. After leaving Italy, the group spent three weeks in Sweden. The documentary contrasted life in Japan with that in France. The documentary contrasted life in Australia with that in Kenya. Sweden and Chile signed a joint statement on trade. The documentary contrasted life in Spain with that in Japan.","{""Australia"": 1, ""Brazil"": 1, ""Canada"": 2, ""Chile"": 2, ""China"": 2, ""Egypt"": 1, ""France"": 1, ""Germany"": 3, ""Greece"": 2, ""Italy"": 2, ""Japan"": 3, ""Kenya"": 2, ""Mexico"": 2, ""Norway"": 1, ""Peru"": 1, ""Spain"": 3, ""Sweden"": 3}"
4,16,"After leaving Brazil, the group spent three weeks in Argentina. After leaving Egypt, the group spent three weeks in Spain. The delegation travelled from Australia to India before the summit. Researchers in Australia collaborated with a team based in Germany. After leaving Greece, the group spent three weeks in Italy. Researchers in Kenya collaborated with a team based in Germany. Researchers in Japan collaborated with a team based in Egypt. Researchers in Norway collaborated with a team based in Argentina. After leaving Italy, the group spent three weeks in India. After leaving Mexico, the group spent three weeks in Peru. Mexico and Sweden signed a joint statement on trade. Researchers in Greece collaborated with a team based in Poland. Canada and Brazil signed a joint statement on trade. Researchers in China collaborated with a team based in Brazil. Poland and Australia signed a joint statement on trade. After leaving Egypt, the group spent three weeks in Italy.","{""Argentina"": 2, ""Australia"": 3, ""Brazil"": 3, ""Canada"": 1, ""China"": 1, ""Egypt"": 3, ""Germany"": 2, ""Greece"": 2, ""India"": 2, ""Italy"": 3, ""Japan"": 1, ""Kenya"": 1, ""Mexico"": 2, ""Norway"": 1, ""Peru"": 1, ""Poland"": 2, ""Spain"": 1, ""Sweden"": 1}"
5,16,"Researchers in Chile collaborated with a team based in Sweden. India and Brazil signed a joint statement on trade. The documentary contrasted life in Greece with that in Brazil. Spain and Sweden signed a joint statement on trade. The documentary contrasted life in Italy with that in Brazil. Researchers in India collaborated with a team based in Kenya. The documentary contrasted life in Japan with that in Canada. The delegation travelled from Italy to Argentina before the summit. Greece and Italy signed a joint statement on trade. Exports from Chile rose sharply while Peru reported a decline. After leaving Greece, the group spent three weeks in China. Italy and Egypt signed a joint statement on trade. The documentary contrasted life in Kenya with that in Spain. India and Kenya signed a joint statement on trade. Poland and Peru signed a joint statement on trade. Canada and Argentina signed a joint statement on trade.","{""Argentina"": 2, ""Brazil"": 3, ""Canada"": 2, ""Chile"": 2, ""China"": 1, ""Egypt"": 1, ""Greece"": 3, ""India"": 3, ""Italy"": 4, ""Japan"": 1, ""Kenya"": 3, ""Peru"": 2, ""Poland"": 1, ""Spain"": 2, ""Sweden"": 2}"
6,16,"Exports from Australia rose sharply while Germany reported a decline. Researchers in Italy collaborated with a team based in Argentina. The delegation travelled from France to Argentina before the summit. Exports from Germany rose sharply while Japan reported a decline. Researchers in Norway collaborated with a team based in Canada. The documentary contrasted life in Norway with that in Greece. After leaving Sweden, the group spent three weeks in Canada. The delegation travelled from France to Brazil before the summit. Researchers in Argentina collaborated with a team based in Germany. After leaving Poland, the group spent three weeks in India. The documentary contrasted life in Egypt with that in Poland. The delegation travelled from China to Australia before the summit. Argentina and Italy signed a joint statement on trade. Exports from Italy rose sharply while China reported a decline. Mexico and Brazil signed a joint statement on trade. Exports from Italy rose sharply while India reported a decline.","{""Argentina"": 4, ""Australia"": 2, ""Brazil"": 2, ""Canada"": 2, ""China"": 2, ""Egypt"": 1, ""France"": 2, ""Germany"": 3, ""Greece"": 1, ""India"": 2, ""Italy"": 4, ""Japan"": 1, ""Mexico"": 1, ""Norway"": 2, ""Poland"": 2, ""Sweden"": 1}"
7,16,"Researchers in Italy collaborated with a team based in Poland. Researchers in Poland collaborated with a team based in Kenya. Kenya and Greece signed a joint statement on trade. The documentary contrasted life in Greece with that in Kenya. The delegation travelled from Kenya to India before the summit. After leaving Germany, the group spent three weeks in Egypt. Researchers in China collaborated with a team based in Argentina. Researchers in Greece collaborated with a team based in Germany. The delegation travelled from Argentina to Canada before the summit. Poland and Australia signed a joint statement on trade. Researchers in Mexico collaborated with a team based in Canada. The delegation travelled from Brazil to Peru before the summit. After leaving Spain, the group spent three weeks in Australia. After leaving France, the group spent three weeks in Mexico. The delegation travelled from India to Australia before the summit. The delegation travelled from Canada to Germany before the summit.","{""Argentina"": 2, ""Australia"": 3, ""Brazil"": 1, ""Canada"": 3, ""China"": 1, ""Egypt"": 1, ""France"": 1, ""Germany"": 3, ""Greece"": 3, ""India"": 2, ""Italy"": 1, ""Kenya"": 4, ""Mexico"": 2, ""Peru"": 1, ""Poland"": 3, ""Spain"": 1}"
8,16,"The documentary contrasted life in Brazil with that in Greece. Researchers in Egypt collaborated with a team based in Norway. The documentary contrasted life in Argentina with that in Peru. Exports from Peru rose sharply while Poland reported a decline. After leaving Norway, the group spent three weeks in Egypt. The delegation travelled from Spain to Brazil before the summit. The documentary contrasted life in Argentina with that in Brazil. The delegation travelled from Canada to India before the summit. The delegation travelled from Canada to Spain before the summit. Peru and Japan signed a joint statement on trade. After leaving Kenya, the group spent three weeks in Spain. The delegation travelled from Mexico to India before the summit. Researchers in Germany collaborated with a team based in Norway. The delegation travelled from China to Greece before the summit. The delegation travelled from Poland to China before the summit. Exports from Spain rose sharply while France reported a decline.","{""Argentina"": 2, ""Brazil"": 3, ""Canada"": 2, ""China"": 2, ""Egypt"": 2, ""France"": 1, ""Germany"": 1, ""Greece"": 2, ""India"": 2, ""Japan"": 1, ""Kenya"": 1, ""Mexico"": 1, ""Norway"": 3, ""Peru"": 3, ""Poland"": 2, ""Spain"": 4}"
9,16,"After leaving France, the group spent three weeks in Australia. Japan and Mexico signed a joint statement on trade. The delegation travelled from Chile to Canada before the summit. The documentary contrasted life in Kenya with that in Mexico. China and Australia signed a joint statement on trade. Researchers in Sweden collaborated with a team based in Mexico. Japan and Egypt signed a joint statement on trade. After leaving Chile, the group spent three weeks in Norway. The documentary contrasted life in Argentina with that in Norway. The delegation travelled from Italy to China before the summit. The delegation travelled from Germany to Canada before the summit. The documentary contrasted life in Norway with that in China. Argentina and Japan signed a joint statement on trade. Researchers in Germany collaborated with a team based in Chile. Researchers in Spain collaborated with a team based in India. The documentary contrasted life in Australia with that in Peru.","{""Argentina"": 2, ""Australia"": 3, ""Canada"": 2, ""Chile"": 3, ""China"": 3, ""Egypt"": 1, ""France"": 1, ""Germany"": 2, ""India"": 1, ""Italy"": 1, ""Japan"": 3, ""Kenya"": 1, ""Mexico"": 3, ""Norway"": 3, ""Peru"": 1, ""Spain"": 1, ""Sweden"": 1}"
10,16,"After leaving China, the group spent three weeks in Chile. The documentary contrasted life in Greece with that in Kenya. Exports from Norway rose sharply while Greece reported a decline. After leaving Canada, the group spent three weeks in France. The delegation travelled from Peru to Argentina before the summit. Researchers in Egypt collaborated with a team based in Sweden. The documentary contrasted life in Australia with that in Argentina. The delegation travelled from Peru to Japan before the summit. Researchers in Germany collaborated with a team based in Canada. Researchers in Norway collaborated with a team based in Mexico. Researchers in Peru collaborated with a team based in Italy. After leaving China, the group spent three weeks in Egypt. Researchers in Chile collaborated with a team based in France. Exports from Sweden rose sharply while Brazil reported a decline. Researchers in Germany collaborated with a team based in Brazil. After leaving Australia, the group spent three weeks in Mexico.","{""Argentina"": 2, ""Australia"": 2, ""Brazil"": 2, ""Canada"": 2, ""Chile"": 2, ""China"": 2, ""Egypt"": 2, ""France"": 2, ""Germany"": 2, ""Greece"": 2, ""Italy"": 1, ""Japan"": 1, ""Kenya"": 1, ""Mexico"": 2, ""Norway"": 2, ""Peru"": 3, ""Sweden"": 2}"
11,16,"The delegation travelled from Kenya to Chile before the summit. Exports from Chile rose sharply while Sweden reported a decline. Greece and Spain signed a joint statement on trade. The documentary contrasted life in China with that in Egypt. After leaving Chile, the group spent three weeks in Norway. The delegation travelled from Australia to China before the summit. After leaving Japan, the group spent three weeks in Sweden. Researchers in India collaborated with a team based in Kenya. Exports from Norway rose sharply while Japan reported a decline. Brazil and Spain signed a joint statement on trade. Australia and Kenya signed a joint statement on trade. After leaving France, the group spent three weeks in Italy. The documentary contrasted life in Germany with that in Kenya. The documentary contrasted life in Chile with that in Norway. After leaving France, the group spent three weeks in Italy. Researchers in Sweden collaborated with a team based in Mexico.","{""Australia"": 2, ""Brazil"": 1, ""Chile"": 4, ""China"": 2, ""Egypt"": 1, ""France"": 2, ""Germany"": 1, ""Greece"": 1, ""India"": 1, ""Italy"": 2, ""Japan"": 2, ""Kenya"": 4, ""Mexico"": 1, ""Norway"": 3, ""Spain"": 2, ""Sweden"": 3}"
12,16,"The documentary contrasted life in Brazil with that in Kenya. Researchers in Brazil collaborated with a team based in Egypt. Exports from Kenya rose sharply while Spain reported a decline. Exports from France rose sharply while Chile reported a decline. Exports from Australia rose sharply while Argentina reported a decline. Researchers in Peru collaborated with a team based in Argentina. The documentary contrasted life in Germany with that in Canada. Mexico and France signed a joint statement on trade. The documentary contrasted life in Kenya with that in Spain. Exports from Sweden rose sharply while Canada reported a decline. After leaving Australia, the group spent three weeks in Germany. Exports from Japan rose sharply while India reported a decline. Exports from Poland rose sharply while China reported a decline. Exports from France rose sharply while Sweden reported a decline. Exports from Greece rose sharply while Spain reported a decline. Researchers in Australia collaborated with a team based in Egypt.","{""Argentina"": 2, ""Australia"": 3, ""Brazil"": 2, ""Canada"": 2, ""Chile"": 1, ""China"": 1, ""Egypt"": 2, ""France"": 3, ""Germany"": 2, ""Greece"": 1, ""India"": 1, ""Japan"": 1, ""Kenya"": 3, ""Mexico"": 1, ""Peru"": 1, ""Poland"": 1, ""Spain"": 3, ""Sweden"": 2}"
13,16,"The documentary contrasted life in Japan with that in France. Exports from Mexico rose sharply while Peru reported a decline. After leaving Australia, the group spent three weeks in Canada. The documentary contrasted life in China with that in Peru. The documentary contrasted life in Argentina with that in Egypt. The delegation travelled from Italy to Brazil before the summit. The delegation travelled from Australia to Canada before the summit. The documentary contrasted life in France with that in Sweden. After leaving Canada, the group spent three weeks in Italy. After leaving Mexico, the group spent three weeks in Italy. Exports from Canada rose sharply while Chile reported a decline. The delegation travelled from Kenya to Peru before the summit. The documentary contrasted life in China with that in Egypt. Researchers in China collaborated with a team based in Peru. After leaving Poland, the group spent three weeks in Chile. The documentary contrasted life in China with that in Greece.","{""Argentina"": 1, ""Australia"": 2, ""Brazil"": 1, ""Canada"": 4, ""Chile"": 2, ""China"": 4, ""Egypt"": 2, ""France"": 2, ""Greece"": 1, ""Italy"": 3, ""Japan"": 1, ""Kenya"": 1, ""Mexico"": 2, ""Peru"": 4, ""Poland"": 1, ""Sweden"": 1}"
14,16,"The delegation travelled from Germany to Peru before the summit. Exports from Mexico rose sharply while Poland reported a decline. Argentina and Spain signed a joint statement on trade. Exports from Poland rose sharply while India reported a decline. Exports from China rose sharply while Greece reported a decline. Exports from Spain rose sharply while Brazil reported a decline. Spain and Japan signed a joint statement on trade. After leaving Australia, the group spent three weeks in Germany. The delegation travelled from Peru to China before the summit. Researchers in Spain collaborated with a team based in Chile. Researchers in Canada collaborated with a team based in Norway. The documentary contrasted life in Chile with that in India. The delegation travelled from Mexico to Argentina before the summit. The documentary contrasted life in Brazil with that in India. Italy and France signed a joint statement on trade. The delegation travelled from Mexico to Canada before the summit.","{""Argentina"": 2, ""Australia"": 1, ""Brazil"": 2, ""Canada"": 2, ""Chile"": 2, ""China"": 2, ""France"": 1, ""Germany"": 2, ""Greece"": 1, ""India"": 3, ""Italy"": 1, ""Japan"": 1, ""Mexico"": 3, ""Norway"": 1, ""Peru"": 2, ""Poland"": 2, ""Spain"": 4}"
15,16,"The delegation travelled from Sweden to Germany before the summit. The documentary contrasted life in Greece with that in Poland. Exports from Chile rose sharply while Poland reported a decline. The documentary contrasted life in Greece with that in India. Exports from Mexico rose sharply while Kenya reported a decline. Exports from Italy rose sharply while Argentina reported a decline. The documentary contrasted life in China with that in Australia. Researchers in India collaborated with a team based in Brazil. After leaving France, the group spent three weeks in Mexico. Researchers in France collaborated with a team based in Argentina. Researchers in Mexico collaborated with a team based in France. The documentary contrasted life in Poland with that in Greece. Peru and Chile signed a joint statement on trade. The documentary contrasted life in Spain with that in Sweden. After leaving France, the group spent three weeks in Argentina. Researchers in Argentina collaborated with a team based in Greece.","{""Argentina"": 4, ""Australia"": 1, ""Brazil"": 1, ""Chile"": 2, ""China"": 1, ""France"": 4, ""Germany"": 1, ""Greece"": 4, ""India"": 2, ""Italy"": 1, ""Kenya"": 1, ""Mexico"": 3, ""Peru"": 1, ""Poland"": 3, ""Spain"": 1, ""Sweden"": 2}"
16,16,"Exports from France rose sharply while Greece reported a decline. Argentina and Germany signed a joint statement on trade. Researchers in Sweden collaborated with a team based in Brazil. After leaving Germany, the group spent three weeks in Egypt. The documentary contrasted life in India with that in China. Exports from China rose sharply while Poland reported a decline. Exports from China rose sharply while Spain reported a decline. Researchers in Norway collaborated with a team based in Germany. Researchers in Norway collaborated with a team based in Egypt. After leaving Poland, the group spent three weeks in Japan. Researchers in India collaborated with a team based in Germany. Poland and Germany signed a joint statement on trade. The documentary contrasted life in Chile with that in Australia. After leaving Argentina, the group spent three weeks in Peru. Japan and Germany signed a joint statement on trade. Chile and Germany signed a joint statement on trade.","{""Argentina"": 2, ""Australia"": 1, ""Brazil"": 1, ""Chile"": 2, ""China"": 3, ""Egypt"": 2, ""France"": 1, ""Germany"": 7, ""Greece"": 1, ""India"": 2, ""Japan"": 2, ""Norway"": 2, ""Peru"": 1, ""Poland"": 3, ""Spain"": 1, ""Sweden"": 1}"
17,16,"The delegation travelled from Argentina to Egypt before the summit. Exports from Germany rose sharply while Australia reported a decline. Norway and Japan signed a joint statement on trade. Exports from China rose sharply while France reported a decline. The delegation travelled from Sweden to Spain before the summit. Exports from Australia rose sharply while Egypt reported a decline. Exports from Mexico rose sharply while Chile reported a decline. Chile and Peru signed a joint statement on trade. The delegation travelled from Sweden to Australia before the summit. After leaving Canada, the group spent three weeks in Peru. After leaving Germany, the group spent three weeks in Greece. Japan and Brazil signed a joint statement on trade. The documentary contrasted life in Sweden with that in Canada. Australia and Greece signed a joint statement on trade. Researchers in Norway collaborated with a team based in France. Researchers in Mexico collaborated with a team based in China.","{""Argentina"": 1, ""Australia"": 4, ""Brazil"": 1, ""Canada"": 2, ""Chile"": 2, ""China"": 2, ""Egypt"": 2, ""France"": 2, ""Germany"": 2, ""Greece"": 2, ""Japan"": 2, ""Mexico"": 2, ""Norway"": 2, ""Peru"": 2, ""Spain"": 1, ""Sweden"": 3}"
18,16,"India and France signed a joint statement on trade. Researchers in Egypt collaborated with a team based in Japan. Exports from Poland rose sharply while Spain reported a decline. The delegation travelled from Chile to Norway before the summit. Exports from Poland rose sharply while Australia reported a decline. Researchers in Argentina collaborated with a team based in Peru. Researchers in Argentina collaborated with a team based in Japan. Italy and Chile signed a joint statement on trade. Sweden and Australia signed a joint statement on trade. The documentary contrasted life in Egypt with that in China. Researchers in Spain collaborated with a team based in Peru. After leaving Egypt, the group spent three weeks in Italy. Exports from Japan rose sharply while Poland reported a decline. After leaving Kenya, the group spent three weeks in Australia. The documentary contrasted life in Brazil with that in Argentina. The documentary contrasted life in Italy with that in Argentina.","{""Argentina"": 4, ""Australia"": 3, ""Brazil"": 1, ""Chile"": 2, ""China"": 1, ""Egypt"": 3, ""France"": 1, ""India"": 1, ""Italy"": 3, ""Japan"": 3, ""Kenya"": 1, ""Norway"": 1, ""Peru"": 2, ""Poland"": 3, ""Spain"": 2, ""Sweden"": 1}"
19,16,"The delegation travelled from Kenya to India before the summit. The documentary contrasted life in Japan with that in Peru. The documentary contrasted life in Australia with that in China. The documentary contrasted life in Canada with that in Norway. The delegation travelled from Peru to Kenya before the summit. Exports from Chile rose sharply while Egypt reported a decline. The delegation travelled from Peru to Sweden before the summit. After leaving Argentina, the group spent three weeks in Canada. Researchers in Egypt collaborated with a team based in India. The delegation travelled from China to Norway before the summit. The delegation travelled from China to Australia before the summit. The documentary contrasted life in Germany with that in Mexico. After leaving Brazil, the group spent three weeks in Peru. Italy and France signed a joint statement on trade. Researchers in Japan collaborated with a team based in India. The documentary contrasted life in Chile with that in Mexico.","{""Argentina"": 1, ""Australia"": 2, ""Brazil"": 1, ""Canada"": 2, ""Chile"": 2, ""China"": 3, ""Egypt"": 2, ""France"": 1, ""Germany"": 1, ""India"": 3, ""Italy"": 1, ""Japan"": 2, ""Kenya"": 2, ""Mexico"": 2, ""Norway"": 2, ""Peru"": 4, ""Sweden"": 1}"
20,16,"Researchers in Greece collaborated with a team based in Mexico. The delegation travelled from Spain to Peru before the summit. Researchers in China collaborated with a team based in Spain. The delegation travelled from Australia to Japan before the summit. Researchers in Italy collaborated with a team based in France. The delegation travelled from Canada to Italy before the summit. The documentary contrasted life in Kenya with that in Canada. Spain and Mexico signed a joint statement on trade. The documentary contrasted life in Peru with that in Japan. Exports from Norway rose sharply while Germany reported a decline. Sweden and Peru signed a joint statement on trade. After leaving Peru, the group spent three weeks in Italy. Australia and Spain signed a joint statement on trade. The documentary contrasted life in Poland with that in Japan. Australia and Mexico signed a joint statement on trade. The documentary contrasted life in Greece with that in Kenya.","{""Australia"": 3, ""Canada"": 2, ""China"": 1, ""France"": 1, ""Germany"": 1, ""Greece"": 2, ""Italy"": 3, ""Japan"": 3, ""Kenya"": 2, ""Mexico"": 3, ""Norway"": 1, ""Peru"": 4, ""Poland"": 1, ""Spain"": 4, ""Sweden"": 1}"
21,16,"Researchers in Italy collaborated with a team based in India. After leaving Sweden, the group spent three weeks in Kenya. The documentary contrasted life in Norway with that in Australia. The documentary contrasted life in Mexico with that in Brazil. Brazil and Mexico signed a joint statement on trade. Norway and Italy signed a joint statement on trade. The delegation travelled from Poland to Mexico before the summit. Researchers in Australia collaborated with a team based in Spain. Researchers in Peru collaborated with a team based in Kenya. After leaving Argentina, the group spent three weeks in Norway. Exports from Canada rose sharply while Mexico reported a decline. The delegation travelled from Japan to Italy before the summit. The documentary contrasted life in Canada with that in China. The delegation travelled from Peru to Sweden before the summit. Researchers in Spain collaborated with a team based in Norway. The documentary contrasted life in Greece with that in Poland.","{""Argentina"": 1, ""Australia"": 2, ""Brazil"": 2, ""Canada"": 2, ""China"": 1, ""Greece"": 1, ""India"": 1, ""Italy"": 3, ""Japan"": 1, ""Kenya"": 2, ""Mexico"": 4, ""Norway"": 4, ""Peru"": 2, ""Poland"": 2, ""Spain"": 2, ""Sweden"": 2}"
22,16,"Researchers in Brazil collaborated with a team based in Poland. The delegation travelled from Norway to Canada before the summit. Researchers in Egypt collaborated with a team based in Greece. The delegation travelled from Greece to China before the summit. Researchers in Italy collaborated with a team based in Japan. Researchers in Norway collaborated with a team based in France. Researchers in Spain collaborated with a team based in Mexico. Exports from Peru rose sharply while Brazil reported a decline. The delegation travelled from Japan to China before the summit. The documentary contrasted life in Germany with that in Australia. The delegation travelled from Norway to Canada before the summit. Chile and Italy signed a joint statement on trade. Researchers in Egypt collaborated with a team based in China. The documentary contrasted life in Greece with that in Chile. The delegation travelled from India to Chile before the summit. After leaving India, the group spent three weeks in Greece.","{""Australia"": 1, ""Brazil"": 2, ""Canada"": 2, ""Chile"": 3, ""China"": 3, ""Egypt"": 2, ""France"": 1, ""Germany"": 1, ""Greece"": 4, ""India"": 2, ""Italy"": 2, ""Japan"": 2, ""Mexico"": 1, ""Norway"": 3, ""Peru"": 1, ""Poland"": 1, ""Spain"": 1}"
23,16,"The delegation travelled from Norway to Italy before the summit. Exports from Australia rose sharply while Egypt reported a decline. Researchers in Peru collaborated with a team based in Kenya. After leaving Mexico, the group spent three weeks in France. The documentary contrasted life in Chile with that in Egypt. Exports from Italy rose sharply while India reported a decline. Researchers in Argentina collaborated with a team based in Chile. After leaving Peru, the group spent three weeks in Brazil. Researchers in Egypt collaborated with a team based in Norway. Researchers in Japan collaborated with a team based in Peru. The delegation travelled from Chile to Poland before the summit. After leaving Brazil, the group spent three weeks in Australia. Exports from Argentina rose sharply while Kenya reported a decline. Researchers in Norway collaborated with a team based in Kenya. The delegation travelled from Germany to Greece before the summit. Researchers in Poland collaborated with a team based in Brazil.","{""Argentina"": 2, ""Australia"": 2, ""Brazil"": 3, ""Chile"": 3, ""Egypt"": 3, ""France"": 1, ""Germany"": 1, ""Greece"": 1, ""India"": 1, ""Italy"": 2, ""Japan"": 1, ""Kenya"": 3, ""Mexico"": 1, ""Norway"": 3, ""Peru"": 3, ""Poland"": 2}"
24,16,"Researchers in Italy collaborated with a team based in Argentina. After leaving Canada, the group spent three weeks in Poland. The delegation travelled from Mexico to Kenya before the summit. The documentary contrasted life in Mexico with that in France. The documentary contrasted life in Mexico with that in France. Italy and Sweden signed a joint statement on trade. The delegation travelled from Germany to China before the summit. The delegation travelled from Greece to India before the summit. The delegation travelled from Chile to Spain before the summit. After leaving Spain, the group spent three weeks in Peru. Germany and Chile signed a joint statement on trade. Chile and Argentina signed a joint statement on trade. Exports from Greece rose sharply while Spain reported a decline. The delegation travelled from Chile to Norway before the summit. Mexico and Egypt signed a joint statement on trade. The documentary contrasted life in France with that in Australia.","{""Argentina"": 2, ""Australia"": 1, ""Canada"": 1, ""Chile"": 4, ""China"": 1, ""Egypt"": 1, ""France"": 3, ""Germany"": 2, ""Greece"": 2, ""India"": 1, ""Italy"": 2, ""Kenya"": 1, ""Mexico"": 4, ""Norway"": 1, ""Peru"": 1, ""Poland"": 1, ""Spain"": 3, ""Sweden"": 1}"
25,16,"The delegation travelled from Greece to Italy before the summit. Researchers in Italy collaborated with a team based in Germany. The delegation travelled from Argentina to Poland before the summit. The documentary contrasted life in Mexico with that in Greece. Researchers in Germany collaborated with a team based in France. After leaving Poland, the group spent three weeks in Argentina. The documentary contrasted life in Spain with that in Italy. Exports from Norway rose sharply while Japan reported a decline. The documentary contrasted life in Sweden with that in Germany. Researchers in Argentina collaborated with a team based in Canada. The documentary contrasted life in China with that in Chile. The delegation travelled from Greece to Argentina before the summit. Exports from Greece rose sharply while Chile reported a decline. Exports from Argentina rose sharply while Mexico reported a decline. Exports from Mexico rose sharply while China reported a decline. Exports from Egypt rose sharply while Canada reported a decline.","{""Argentina"": 5, ""Canada"": 2, ""Chile"": 2, ""China"": 2, ""Egypt"": 1, ""France"": 1, ""Germany"": 3, ""Greece"": 4, ""Italy"": 3, ""Japan"": 1, ""Mexico"": 3, ""Norway"": 1, ""Poland"": 2, ""Spain"": 1, ""Sweden"": 1}"
26,16,"The documentary contrasted life in Norway with that in Greece. The documentary contrasted life in Brazil with that in Chile. The delegation travelled from Norway to Sweden before the summit. Sweden and Italy signed a joint statement on trade. Researchers in Canada collaborated with a team based in Kenya. The documentary contrasted life in China with that in Norway. The documentary contrasted life in Mexico with that in Japan. China and Japan signed a joint statement on trade. Researchers in India collaborated with a team based in Sweden. After leaving Japan, the group spent three weeks in France. Researchers in Sweden collaborated with a team based in India. Exports from Canada rose sharply while Kenya reported a decline. The documentary contrasted life in Italy with that in Brazil. The delegation travelled from Spain to Norway before the summit. The documentary contrasted life in Greece with that in Argentina. Australia and France signed a joint statement on trade.","{""Argentina"": 1, ""Australia"": 1, ""Brazil"": 2, ""Canada"": 2, ""Chile"": 1, ""China"": 2, ""France"": 2, ""Greece"": 2, ""India"": 2, ""Italy"": 2, ""Japan"": 3, ""Kenya"": 2, ""Mexico"": 1, ""Norway"": 4, ""Spain"": 1, ""Sweden"": 4}"
27,16,"Researchers in Peru collaborated with a team based in Sweden. Researchers in Chile collaborated with a team based in Spain. Exports from Kenya rose sharply while Japan reported a decline. Brazil and Sweden signed a joint statement on trade. The delegation travelled from Canada to Peru before the summit. After leaving Mexico, the group spent three weeks in Germany. The documentary contrasted life in France with that in Spain. Exports from Spain rose sharply while Italy reported a decline. The delegation travelled from Greece to Australia before the summit. The delegation travelled from Poland to Spain before the summit. The delegation travelled from Canada to France before the summit. After leaving Egypt, the group spent three weeks in Canada. Exports from Sweden rose sharply while Egypt reported a decline. The documentary contrasted life in Greece with that in Japan. The delegation travelled from Peru to Mexico before the summit. The documentary contrasted life in Chile with that in Argentina.","{""Argentina"": 1, ""Australia"": 1, ""Brazil"": 1, ""Canada"": 3, ""Chile"": 2, ""Egypt"": 2, ""France"": 2, ""Germany"": 1, ""Greece"": 2, ""Italy"": 1, ""Japan"": 2, ""Kenya"": 1, ""Mexico"": 2, ""Peru"": 3, ""Poland"": 1, ""Spain"": 4, ""Sweden"": 3}"
28,16,"Researchers in Kenya collaborated with a team based in Norway. After leaving Brazil, the group spent three weeks in Greece. Exports from Mexico rose sharply while Egypt reported a decline. The documentary contrasted life in Spain with that in Canada. After leaving Chile, the group spent three weeks in Sweden. Exports from India rose sharply while Australia reported a decline. The delegation travelled from Greece to Peru before the summit. Poland and Egypt signed a joint statement on trade. Researchers in Peru collaborated with a team based in Italy. Exports from Peru rose sharply while Norway reported a decline. After leaving Norway, the group spent three weeks in Brazil. The delegation travelled from Australia to Japan before the summit. The delegation travelled from Spain to Australia before the summit. Germany and Brazil signed a joint statement on trade. Researchers in Italy collaborated with a team based in Canada. After leaving Argentina, the group spent three weeks in France.","{""Argentina"": 1, ""Australia"": 3, ""Brazil"": 3, ""Canada"": 2, ""Chile"": 1, ""Egypt"": 2, ""France"": 1, ""Germany"": 1, ""Greece"": 2, ""India"": 1, ""Italy"": 2, ""Japan"": 1, ""Kenya"": 1, ""Mexico"": 1, ""Norway"": 3, ""Peru"": 3, ""Poland"": 1, ""Spain"": 2, ""Sweden"": 1}"
29,16,"The delegation travelled from Brazil to Peru before the summit. Mexico and Poland signed a joint statement on trade. After leaving Norway, the group spent three weeks in Greece. Researchers in Japan collaborated with a team based in France. Exports from Peru rose sharply while Chile reported a decline. Exports from Australia rose sharply while China reported a decline. Exports from Italy rose sharply while Norway reported a decline. The delegation travelled from Mexico to Sweden before the summit. Exports from India rose sharply while Spain reported a decline. China and France signed a joint statement on trade. China and India signed a joint statement on trade. Exports from Brazil rose sharply while Canada reported a decline. Researchers in China collaborated with a team based in Germany. Researchers in Argentina collaborated with a team based in China. Sweden and Egypt signed a joint statement on trade. Poland and Japan signed a joint statement on trade.","{""Argentina"": 1, ""Australia"": 1, ""Brazil"": 2, ""Canada"": 1, ""Chile"": 1, ""China"": 5, ""Egypt"": 1, ""France"": 2, ""Germany"": 1, ""Greece"": 1, ""India"": 2, ""Italy"": 1, ""Japan"": 2, ""Mexico"": 2, ""Norway"": 2, ""Peru"": 2, ""Poland"": 2, ""Spain"": 1, ""Sweden"": 2}"
30,16,"Researchers in Brazil collaborated with a team based in Chile. Exports from Canada rose sharply while Argentina reported a decline. Exports from Canada rose sharply while Peru reported a decline. Exports from Peru rose sharply while Poland reported a decline. After leaving Argentina, the group spent three weeks in Brazil. After leaving Italy, the group spent three weeks in Norway. After leaving Canada, the group spent three weeks in Argentina. The delegation travelled from China to Norway before the summit. The documentary contrasted life in Peru with that in Spain. Exports from Peru rose sharply while Norway reported a decline. The documentary contrasted life in Greece with that in Italy. The delegation travelled from Australia to Italy before the summit. The documentary contrasted life in Kenya with that in Australia. After leaving Brazil, the group spent three weeks in Poland. The delegation travelled from Italy to Canada before the summit. The delegation travelled from Sweden to Brazil before the summit.","{""Argentina"": 3, ""Australia"": 2, ""Brazil"": 4, ""Canada"": 4, ""Chile"": 1, ""China"": 1, ""Greece"": 1, ""Italy"": 4, ""Kenya"": 1, ""Norway"": 3, ""Peru"": 4, ""Poland"": 2, ""Spain"": 1, ""Sweden"": 1}"
31,16,"Argentina and Mexico signed a joint statement on trade. Sweden and Peru signed a joint statement on trade. The documentary contrasted life in Greece with that in Canada. After leaving Japan, the group spent three weeks in Australia. Researchers in Greece collaborated with a team based in Chile. Researchers in Peru collaborated with a team based in Australia. After leaving Greece, the group spent three weeks in Mexico. The delegation travelled from Greece to India before the summit. The documentary contrasted life in Chile with that in Sweden. Exports from Mexico rose sharply while Norway reported a decline. After leaving Argentina, the group spent three weeks in Brazil. Researchers in Italy collaborated with a team based in Greece. After leaving Mexico, the group spent three weeks in Argentina. Exports from India rose sharply while Spain reported a decline. Argentina and Spain signed a joint statement on trade. After leaving Italy, the group spent three weeks in Spain.","{""Argentina"": 4, ""Australia"": 2, ""Brazil"": 1, ""Canada"": 1, ""Chile"": 2, ""Greece"": 5, ""India"": 2, ""Italy"": 2, ""Japan"": 1, ""Mexico"": 4, ""Norway"": 1, ""Peru"": 2, ""Spain"": 3, ""Sweden"": 2}"
32,16,"The delegation travelled from Italy to India before the summit. Kenya and Poland signed a joint statement on trade. The documentary contrasted life in Sweden with that in Norway. Chile and Poland signed a joint statement on trade. Researchers in Peru collaborated with a team based in Italy. Researchers in Chile collaborated with a team based in Kenya. Researchers in Norway collaborated with a team based in Peru. Exports from Italy rose sharply while Argentina reported a decline. After leaving Norway, the group spent three weeks in Brazil. The documentary contrasted life in China with that in Argentina. Australia and Sweden signed a joint statement on trade. The documentary contrasted life in Greece with that in Egypt. After leaving Canada, the group spent three weeks in Sweden. The delegation travelled from Sweden to Canada before the summit. Argentina and Norway signed a joint statement on trade. Exports from Brazil rose sharply while Italy reported a decline.","{""Argentina"": 3, ""Australia"": 1, ""Brazil"": 2, ""Canada"": 2, ""Chile"": 2, ""China"": 1, ""Egypt"": 1, ""Greece"": 1, ""India"": 1, ""Italy"": 4, ""Kenya"": 2, ""Norway"": 4, ""Peru"": 2, ""Poland"": 2, ""Sweden"": 4}"
33,16,"Kenya and Mexico signed a joint statement on trade. Exports from Norway rose sharply while Egypt reported a decline. The delegation travelled from India to France before the summit. The delegation travelled from India to Spain before the summit. After leaving Japan, the group spent three weeks in Egypt. Researchers in Australia collaborated with a team based in Brazil. Exports from Egypt rose sharply while Sweden reported a decline. The documentary contrasted life in China with that in Japan. After leaving Argentina, the group spent three weeks in Spain. The documentary contrasted life in Norway with that in Spain. After leaving Canada, the group spent three weeks in Argentina. The documentary contrasted life in Greece with that in Sweden. China and France signed a joint statement on trade. The documentary contrasted life in Australia with that in Egypt. The documentary contrasted life in Germany with that in Sweden. The documentary contrasted life in Spain with that in Sweden.","{""Argentina"": 2, ""Australia"": 2, ""Brazil"": 1, ""Canada"": 1, ""China"": 2, ""Egypt"": 4, ""France"": 2, ""Germany"": 1, ""Greece"": 1, ""India"": 2, ""Japan"": 2, ""Kenya"": 1, ""Mexico"": 1, ""Norway"": 2, ""Spain"": 4, ""Sweden"": 4}"
34,16,"The delegation travelled from Kenya to Mexico before the summit. After leaving Sweden, the group spent three weeks in Germany. The delegation travelled from Poland to Argentina before the summit. Germany and India signed a joint statement on trade. The documentary contrasted life in Kenya with that in Sweden. France and Peru signed a joint statement on trade. After leaving Canada, the group spent three weeks in India. Researchers in Poland collaborated with a team based in Mexico. The documentary contrasted life in Australia with that in Spain. Exports from Australia rose sharply while Sweden reported a decline. Researchers in Mexico collaborated with a team based in Norway. Greece and Egypt signed a joint statement on trade. After leaving Australia, the group spent three weeks in Kenya. After leaving Argentina, the group spent three weeks in Japan. After leaving India, the group spent three weeks in Mexico. The delegation travelled from Kenya to Canada before the summit.","{""Argentina"": 2, ""Australia"": 3, ""Canada"": 2, ""Egypt"": 1, ""France"": 1, ""Germany"": 2, ""Greece"": 1, ""India"": 3, ""Japan"": 1, ""Kenya"": 4, ""Mexico"": 4, ""Norway"": 1, ""Peru"": 1, ""Poland"": 2, ""Spain"": 1, ""Sweden"": 3}"
35,16,"The documentary contrasted life in Brazil with that in Germany. The delegation travelled from Chile to Canada before the summit. Exports from France rose sharply while Sweden reported a decline. The delegation travelled from Brazil to Chile before the summit. Mexico and Canada signed a joint statement on trade. The documentary contrasted life in Peru with that in Germany. Exports from China rose sharply while Italy reported a decline. After leaving Sweden, the group spent three weeks in Spain. After leaving Japan, the group spent three weeks in Sweden. Canada and Germany signed a joint statement on trade. Exports from Argentina rose sharply while Australia reported a decline. Researchers in Spain collaborated with a team based in India. After leaving Poland, the group spent three weeks in Japan. After leaving Egypt, the group spent three weeks in Poland. The documentary contrasted life in Brazil with that in Norway. The documentary contrasted life in Australia with that in Peru.","{""Argentina"": 1, ""Australia"": 2, ""Brazil"": 3, ""Canada"": 3, ""Chile"": 2, ""China"": 1, ""Egypt"": 1, ""France"": 1, ""Germany"": 3, ""India"": 1, ""Italy"": 1, ""Japan"": 2, ""Mexico"": 1, ""Norway"": 1, ""Peru"": 2, ""Poland"": 2, ""Spain"": 2, ""Sweden"": 3}"
36,16,"Researchers in China collaborated with a team based in Egypt. Researchers in Poland collaborated with a team based in Sweden. Germany and Peru signed a joint statement on trade. The delegation travelled from Germany to Japan before the summit. Exports from Chile rose sharply while Spain reported a decline. India and Egypt signed a joint statement on trade. Exports from Mexico rose sharply while Poland reported a decline. Exports from Germany rose sharply while Egypt reported a decline. China and Greece signed a joint statement on trade. After leaving Egypt, the group spent three weeks in Poland. Egypt and France signed a joint statement on trade. After leaving Peru, the group spent three weeks in Greece. After leaving France, the group spent three weeks in Japan. The documentary contrasted life in Poland with that in Italy. After leaving Kenya, the group spent three weeks in Sweden. Exports from Chile rose sharply while India reported a decline.","{""Chile"": 2, ""China"": 2, ""Egypt"": 5, ""France"": 2, ""Germany"": 3, ""Greece"": 2, ""India"": 2, ""Italy"": 1, ""Japan"": 2, ""Kenya"": 1, ""Mexico"": 1, ""Peru"": 2, ""Poland"": 4, ""Spain"": 1, ""Sweden"": 2}"
37,16,"Researchers in Poland collaborated with a team based in Peru. Researchers in Mexico collaborated with a team based in China. Exports from Italy rose sharply while Kenya reported a decline. Peru and China signed a joint statement on trade. Exports from Italy rose sharply while Poland reported a decline. Researchers in Brazil collaborated with a team based in Italy. The documentary contrasted life in Canada with that in Spain. After leaving India, the group spent three weeks in Mexico. After leaving Italy, the group spent three weeks in Kenya. The delegation travelled from Brazil to Japan before the summit. Exports from India rose sharply while Brazil reported a decline. After leaving Peru, the group spent three weeks in Mexico. The delegation travelled from Norway to Mexico before the summit. Germany and Peru signed a joint statement on trade. Exports from Canada rose sharply while Kenya reported a decline. Exports from Italy rose sharply while Chile reported a decline.","{""Brazil"": 3, ""Canada"": 2, ""Chile"": 1, ""China"": 2, ""Germany"": 1, ""India"": 2, ""Italy"": 5, ""Japan"": 1, ""Kenya"": 3, ""Mexico"": 4, ""Norway"": 1, ""Peru"": 4, ""Poland"": 2, ""Spain"": 1}"
38,16,"The delegation travelled from Mexico to Sweden before the summit. Sweden and Kenya signed a joint statement on trade. After leaving Sweden, the group spent three weeks in Brazil. Exports from Argentina rose sharply while France reported a decline. Exports from Australia rose sharply while China reported a decline. Chile and Italy signed a joint statement on trade. The documentary contrasted life in Italy with that in Spain. Researchers in Japan collaborated with a team based in Kenya. Researchers in Egypt collaborated with a team based in Norway. Exports from China rose sharply while Chile reported a decline. Researchers in China collaborated with a team based in Egypt. After leaving Germany, the group spent three weeks in Spain. The delegation travelled from Egypt to Germany before the summit. Norway and Spain signed a joint statement on trade. Researchers in Italy collaborated with a team based in Norway. Exports from Italy rose sharply while Canada reported a decline.","{""Argentina"": 1, ""Australia"": 1, ""Brazil"": 1, ""Canada"": 1, ""Chile"": 2, ""China"": 3, ""Egypt"": 3, ""France"": 1, ""Germany"": 2, ""Italy"": 4, ""Japan"": 1, ""Kenya"": 2, ""Mexico"": 1, ""Norway"": 3, ""Spain"": 3, ""Sweden"": 3}"
39,16,"The delegation travelled from Greece to China before the summit. After leaving Poland, the group spent three weeks in Norway. Chile and Kenya signed a joint statement on trade. Exports from Egypt rose sharply while Argentina reported a decline. The delegation travelled from Greece to China before the summit. Researchers in Spain collaborated with a team based in Peru. Exports from Norway rose sharply while Italy reported a decline. Researchers in Australia collaborated with a team based in India. Peru and Brazil signed a joint statement on trade. The documentary contrasted life in Spain with that in Germany. After leaving Canada, the group spent three weeks in India. The delegation travelled from Egypt to Germany before the summit. Researchers in Australia collaborated with a team based in Germany. Researchers in Australia collaborated with a team based in Chile. Egypt and Chile signed a joint statement on trade. Researchers in Norway collaborated with a team based in Italy.","{""Argentina"": 1, ""Australia"": 3, ""Brazil"": 1, ""Canada"": 1, ""Chile"": 3, ""China"": 2, ""Egypt"": 3, ""Germany"": 3, ""Greece"": 2, ""India"": 2, ""Italy"": 2, ""Kenya"": 1, ""Norway"": 3, ""Peru"": 2, ""Poland"": 1, ""Spain"": 2}"
40,16,"Egypt and Japan signed a joint statement on trade. China and Canada signed a joint statement on trade. The documentary contrasted life in Mexico with that in Peru. The delegation travelled from Australia to Brazil before the summit. Exports from Japan rose sharply while Egypt reported a decline. Exports from Australia rose sharply while Japan reported a decline. After leaving Peru, the group spent three weeks in Norway. Brazil and Japan signed a joint statement on trade. Researchers in India collaborated with a team based in Japan. The delegation travelled from Spain to Poland before the summit. The delegation travelled from Canada to China before the summit. Researchers in Canada collaborated with a team based in Australia. Australia and Peru signed a joint statement on trade. Exports from India rose sharply while Egypt reported a decline. Exports from Peru rose sharply while France reported a decline. Researchers in India collaborated with a team based in Japan.","{""Australia"": 4, ""Brazil"": 2, ""Canada"": 3, ""China"": 2, ""Egypt"": 3, ""France"": 1, ""India"": 3, ""Japan"": 6, ""Mexico"": 1, ""Norway"": 1, ""Peru"": 4, ""Poland"": 1, ""Spain"": 1}"
41,16,"Exports from Poland rose sharply while Italy reported a decline. Argentina and France signed a joint statement on trade. The delegation travelled from Greece to Spain before the summit. Exports from China rose sharply while Germany reported a decline. Researchers in Canada collaborated with a team based in Greece. After leaving Brazil, the group spent three weeks in Australia. Exports from China rose sharply while France reported a decline. The delegation travelled from Sweden to Spain before the summit. After leaving Poland, the group spent three weeks in Norway. Researchers in Japan collaborated with a team based in Egypt. The delegation travelled from Greece to Peru before the summit. The documentary contrasted life in Australia with that in Sweden. After leaving Peru, the group spent three weeks in Sweden. The documentary contrasted life in Germany with that in Norway. Researchers in Spain collaborated with a team based in Argentina. After leaving Italy, the group spent three weeks in Japan.","{""Argentina"": 2, ""Australia"": 2, ""Brazil"": 1, ""Canada"": 1, ""China"": 2, ""Egypt"": 1, ""France"": 2, ""Germany"": 2, ""Greece"": 3, ""Italy"": 2, ""Japan"": 2, ""Norway"": 2, ""Peru"": 2, ""Poland"": 2, ""Spain"": 3, ""Sweden"": 3}"
42,16,"Researchers in Canada collaborated with a team based in Spain. Researchers in Brazil collaborated with a team based in Greece. Researchers in Australia collaborated with a team based in Germany. Researchers in Poland collaborated with a team based in Japan. Argentina and France signed a joint statement on trade. Canada and Norway signed a joint statement on trade. Researchers in Italy collaborated with a team based in Canada. Researchers in Japan collaborated with a team based in Italy. Mexico and Canada signed a joint statement on trade. After leaving Sweden, the group spent three weeks in Australia. The delegation travelled from Sweden to Peru before the summit. The delegation travelled from Norway to Argentina before the summit. After leaving Sweden, the group spent three weeks in Japan. Exports from China rose sharply while Italy reported a decline. The documentary contrasted life in Poland with that in Japan. The documentary contrasted life in Brazil with that in China.","{""Argentina"": 2, ""Australia"": 2, ""Brazil"": 2, ""Canada"": 4, ""China"": 2, ""France"": 1, ""Germany"": 1, ""Greece"": 1, ""Italy"": 3, ""Japan"": 4, ""Mexico"": 1, ""Norway"": 2, ""Peru"": 1, ""Poland"": 2, ""Spain"": 1, ""Sweden"": 3}"
43,16,"After leaving Egypt, the group spent three weeks in Norway. After leaving Canada, the group spent three weeks in Australia. Peru and Canada signed a joint statement on trade. Exports from Italy rose sharply while Brazil reported a decline. The documentary contrasted life in Norway with that in Australia. The documentary contrasted life in China with that in Italy. The documentary contrasted life in Canada with that in Kenya. France and Germany signed a joint statement on trade. Researchers in Poland collaborated with a team based in China. Researchers in France collaborated with a team based in Brazil. The documentary contrasted life in Egypt with that in Germany. Researchers in Spain collaborated with a team based in Argentina. Chile and Greece signed a joint statement on trade. Researchers in Egypt collaborated with a team based in Japan. After leaving China, the group spent three weeks in Poland. The delegation travelled from Peru to Norway before the summit.","{""Argentina"": 1, ""Australia"": 2, ""Brazil"": 2, ""Canada"": 3, ""Chile"": 1, ""China"": 3, ""Egypt"": 3, ""France"": 2, ""Germany"": 2, ""Greece"": 1, ""Italy"": 2, ""Japan"": 1, ""Kenya"": 1, ""Norway"": 3, ""Peru"": 2, ""Poland"": 2, ""Spain"": 1}"
44,16,"Italy and Chile signed a joint statement on trade. France and Peru signed a joint statement on trade. Researchers in Chile collaborated with a team based in Egypt. The documentary contrasted life in India with that in Poland. Greece and Canada signed a joint statement on trade. Japan and India signed a joint statement on trade. Exports from France rose sharply while Mexico reported a decline. Researchers in Chile collaborated with a team based in Italy. After leaving France, the group spent three weeks in Peru. Researchers in India collaborated with a team based in Kenya. After leaving India, the group spent three weeks in Australia. Researchers in Italy collaborated with a team based in Argentina. The delegation travelled from Chile to Norway before the summit. Researchers in Egypt collaborated with a team based in Argentina. Egypt and India signed a joint statement on trade. Japan and Brazil signed a joint statement on trade.","{""Argentina"": 2, ""Australia"": 1, ""Brazil"": 1, ""Canada"": 1, ""Chile"": 4, ""Egypt"": 3, ""France"": 3, ""Greece"": 1, ""India"": 5, ""Italy"": 3, ""Japan"": 2, ""Kenya"": 1, ""Mexico"": 1, ""Norway"": 1, ""Peru"": 2, ""Poland"": 1}"
45,16,"After leaving Greece, the group spent three weeks in Canada. The delegation travelled from India to China before the summit. The delegation travelled from China to France before the summit. The delegation travelled from Italy to Japan before the summit. After leaving Peru, the group spent three weeks in Spain. The delegation travelled from Peru to Australia before the summit. Australia and Kenya signed a joint statement on trade. Norway and Sweden signed a joint statement on trade. The delegation travelled from Australia to Norway before the summit. Researchers in Argentina collaborated with a team based in Spain. Exports from Peru rose sharply while Poland reported a decline. The delegation travelled from Kenya to Canada before the summit. Exports from India rose sharply while Chile reported a decline. Brazil and France signed a joint statement on trade. Researchers in Mexico collaborated with a team based in France. After leaving Japan, the group spent three weeks in Canada.","{""Argentina"": 1, ""Australia"": 3, ""Brazil"": 1, ""Canada"": 3, ""Chile"": 1, ""China"": 2, ""France"": 3, ""Greece"": 1, ""India"": 2, ""Italy"": 1, ""Japan"": 2, ""Kenya"": 2, ""Mexico"": 1, ""Norway"": 2, ""Peru"": 3, ""Poland"": 1, ""Spain"": 2, ""Sweden"": 1}"
46,16,Researchers in India collaborated with a team based in Germany. Researchers in Chile collaborated with a team based in India. The documentary contrasted life in Norway with that in Poland. The delegation travelled from Poland to Chile before the summit. The documentary contrasted life in China with that in Poland. The documentary contrasted life in Japan with that in Argentina. Researchers in Egypt collaborated with a team based in Kenya. The delegation travelled from Spain to Sweden before the summit. France and Brazil signed a joint statement on trade. Exports from Kenya rose sharply while Mexico reported a decline. Exports from Canada rose sharply while Australia reported a decline. Exports from Norway rose sharply while Peru reported a decline. Researchers in Germany collaborated with a team based in Spain. Exports from Peru rose sharply while Australia reported a decline. Researchers in Norway collaborated with a team based in Brazil. Exports from Germany rose sharply while Argentina reported a decline.,"{""Argentina"": 2, ""Australia"": 2, ""Brazil"": 2, ""Canada"": 1, ""Chile"": 2, ""China"": 1, ""Egypt"": 1, ""France"": 1, ""Germany"": 3, ""India"": 2, ""Japan"": 1, ""Kenya"": 2, ""Mexico"": 1, ""Norway"": 3, ""Peru"": 2, ""Poland"": 3, ""Spain"": 2, ""Sweden"": 1}"
47,16,"After leaving Chile, the group spent three weeks in Australia. The documentary contrasted life in Sweden with that in Argentina. Researchers in Egypt collaborated with a team based in Argentina. Researchers in Sweden collaborated with a team based in Peru. After leaving Greece, the group spent three weeks in Canada. Brazil and Spain signed a joint statement on trade. After leaving Norway, the group spent three weeks in Japan. Researchers in Peru collaborated with a team based in Norway. The delegation travelled from Chile to India before the summit. Researchers in Australia collaborated with a team based in Germany. Exports from Peru rose sharply while Norway reported a decline. Chile and Peru signed a joint statement on trade. The documentary contrasted life in Italy with that in Spain. Researchers in Mexico collaborated with a team based in Norway. The delegation travelled from Poland to Chile before the summit. Peru and Japan signed a joint statement on trade.","{""Argentina"": 2, ""Australia"": 2, ""Brazil"": 1, ""Canada"": 1, ""Chile"": 4, ""Egypt"": 1, ""Germany"": 1, ""Greece"": 1, ""India"": 1, ""Italy"": 1, ""Japan"": 2, ""Mexico"": 1, ""Norway"": 4, ""Peru"": 5, ""Poland"": 1, ""Spain"": 2, ""Sweden"": 2}"
48,16,"Exports from Argentina rose sharply while France reported a decline. After leaving Peru, the group spent three weeks in India. After leaving Spain, the group spent three weeks in Poland. The delegation travelled from Greece to India before the summit. After leaving Canada, the group spent three weeks in Peru. Canada and Kenya signed a joint statement on trade. Mexico and Sweden signed a joint statement on trade. Exports from Poland rose sharply while Mexico reported a decline. The documentary contrasted life in Italy with that in Germany. The delegation travelled from India to Italy before the summit. The documentary contrasted life in Germany with that in Japan. After leaving Argentina, the group spent three weeks in Egypt. Exports from Australia rose sharply while Peru reported a decline. The documentary contrasted life in Australia with that in Kenya. Argentina and Spain signed a joint statement on trade. Canada and Chile signed a joint statement on trade.","{""Argentina"": 3, ""Australia"": 2, ""Canada"": 3, ""Chile"": 1, ""Egypt"": 1, ""France"": 1, ""Germany"": 2, ""Greece"": 1, ""India"": 3, ""Italy"": 2, ""Japan"": 1, ""Kenya"": 2, ""Mexico"": 2, ""Peru"": 3, ""Poland"": 2, ""Spain"": 2, ""Sweden"": 1}"
49,16,"China and Mexico signed a joint statement on trade. Exports from Japan rose sharply while Norway reported a decline. The delegation travelled from Norway to Mexico before the summit. Exports from France rose sharply while Peru reported a decline. The delegation travelled from Kenya to Italy before the summit. Exports from China rose sharply while Sweden reported a decline. Researchers in Brazil collaborated with a team based in France. After leaving Peru, the group spent three weeks in Chile. Researchers in Mexico collaborated with a team based in India. Exports from Egypt rose sharply while Mexico reported a decline. The documentary contrasted life in Norway with that in Greece. The delegation travelled from China to France before the summit. The delegation travelled from Poland to Peru before the summit. The delegation travelled from Sweden to Peru before the summit. Researchers in Chile collaborated with a team based in China. The documentary contrasted life in Chile with that in Mexico.","{""Brazil"": 1, ""Chile"": 3, ""China"": 4, ""Egypt"": 1, ""France"": 3, ""Greece"": 1, ""India"": 1, ""Italy"": 1, ""Japan"": 1, ""Kenya"": 1, ""Mexico"": 5, ""Norway"": 3, ""Peru"": 4, ""Poland"": 1, ""Sweden"": 2}"
50,16,"The delegation travelled from China to Canada before the summit. Researchers in Greece collaborated with a team based in Peru. Brazil and Australia signed a joint statement on trade. Researchers in China collaborated with a team based in Canada. Exports from France rose sharply while Poland reported a decline. The delegation travelled from Japan to Norway before the summit. Exports from Canada rose sharply while Egypt reported a decline. The delegation travelled from Egypt to France before the summit. Exports from Peru rose sharply while Greece reported a decline. After leaving Germany, the group spent three weeks in China. Researchers in Norway collaborated with a team based in India. Norway and Greece signed a joint statement on trade. Exports from Mexico rose sharply while Australia reported a decline. The documentary contrasted life in Norway with that in Sweden. The delegation travelled from India to Peru before the summit. Researchers in Germany collaborated with a team based in Spain.","{""Australia"": 2, ""Brazil"": 1, ""Canada"": 3, ""China"": 3, ""Egypt"": 2, ""France"": 2, ""Germany"": 2, ""Greece"": 3, ""India"": 2, ""Japan"": 1, ""Mexico"": 1, ""Norway"": 4, ""Peru"": 3, ""Poland"": 1, ""Spain"": 1, ""Sweden"": 1}"
51,16,"The delegation travelled from Canada to Kenya before the summit. The documentary contrasted life in Germany with that in Australia. The documentary contrasted life in Egypt with that in France. The delegation travelled from Australia to Mexico before the summit. The delegation travelled from Peru to Chile before the summit. The delegation travelled from Spain to Peru before the summit. Sweden and Japan signed a joint statement on trade. The delegation travelled from Canada to Kenya before the summit. Exports from Egypt rose sharply while Peru reported a decline. The documentary contrasted life in Sweden with that in Chile. Brazil and Sweden signed a joint statement on trade. The delegation travelled from Sweden to Greece before the summit. After leaving Brazil, the group spent three weeks in Argentina. After leaving Norway, the group spent three weeks in Poland. Researchers in Norway collaborated with a team based in Poland. The documentary contrasted life in Chile with that in Poland.","{""Argentina"": 1, ""Australia"": 2, ""Brazil"": 2, ""Canada"": 2, ""Chile"": 3, ""Egypt"": 2, ""France"": 1, ""Germany"": 1, ""Greece"": 1, ""Japan"": 1, ""Kenya"": 2, ""Mexico"": 1, ""Norway"": 2, ""Peru"": 3, ""Poland"": 3, ""Spain"": 1, ""Sweden"": 4}"
52,16,"Kenya and Mexico signed a joint statement on trade. Australia and Sweden signed a joint statement on trade. Researchers in India collaborated with a team based in Japan. The delegation travelled from China to Mexico before the summit. The delegation travelled from Canada to Peru before the summit. Researchers in Kenya collaborated with a team based in Spain. Researchers in Mexico collaborated with a team based in Brazil. Italy and Norway signed a joint statement on trade. Sweden and France signed a joint statement on trade. Researchers in Chile collaborated with a team based in Brazil. After leaving Chile, the group spent three weeks in Poland. Peru and Spain signed a joint statement on trade. Canada and Greece signed a joint statement on trade. The delegation travelled from Canada to Egypt before the summit. Exports from Egypt rose sharply while Mexico reported a decline. Exports from Greece rose sharply while Canada reported a decline.","{""Australia"": 1, ""Brazil"": 2, ""Canada"": 4, ""Chile"": 2, ""China"": 1, ""Egypt"": 2, ""France"": 1, ""Greece"": 2, ""India"": 1, ""Italy"": 1, ""Japan"": 1, ""Kenya"": 2, ""Mexico"": 4, ""Norway"": 1, ""Peru"": 2, ""Poland"": 1, ""Spain"": 2, ""Sweden"": 2}"
53,16,"The documentary contrasted life in Peru with that in Mexico. Exports from Argentina rose sharply while Spain reported a decline. France and Kenya signed a joint statement on trade. The delegation travelled from Canada to Argentina before the summit. Researchers in Poland collaborated with a team based in Argentina. Exports from Peru rose sharply while Chile reported a decline. Exports from Egypt rose sharply while Kenya reported a decline. The documentary contrasted life in China with that in Australia. Kenya and Brazil signed a joint statement on trade. Researchers in Sweden collaborated with a team based in Japan. Exports from Australia rose sharply while Chile reported a decline. After leaving Brazil, the group spent three weeks in Canada. Greece and Mexico signed a joint statement on trade. The delegation travelled from Chile to Sweden before the summit. After leaving Italy, the group spent three weeks in Chile. The documentary contrasted life in Japan with that in Italy.","{""Argentina"": 3, ""Australia"": 2, ""Brazil"": 2, ""Canada"": 2, ""Chile"": 4, ""China"": 1, ""Egypt"": 1, ""France"": 1, ""Greece"": 1, ""Italy"": 2, ""Japan"": 2, ""Kenya"": 3, ""Mexico"": 2, ""Peru"": 2, ""Poland"": 1, ""Spain"": 1, ""Sweden"": 2}"
54,16,"After leaving China, the group spent three weeks in Poland. Exports from India rose sharply while France reported a decline. After leaving Japan, the group spent three weeks in Sweden. Exports from Egypt rose sharply while China reported a decline. After leaving Chile, the group spent three weeks in Italy. The documentary contrasted life in Kenya with that in France. After leaving Poland, the group spent three weeks in Japan. Researchers in Sweden collaborated with a team based in Mexico. Exports from Egypt rose sharply while Poland reported a decline. The delegation travelled from Egypt to India before the summit. France and Chile signed a joint statement on trade. The documentary contrasted life in China with that in Greece. The documentary contrasted life in France with that in Poland. The delegation travelled from Peru to Canada before the summit. After leaving France, the group spent three weeks in Norway. The delegation travelled from Brazil to Sweden before the summit.","{""Brazil"": 1, ""Canada"": 1, ""Chile"": 2, ""China"": 3, ""Egypt"": 3, ""France"": 5, ""Greece"": 1, ""India"": 2, ""Italy"": 1, ""Japan"": 2, ""Kenya"": 1, ""Mexico"": 1, ""Norway"": 1, ""Peru"": 1, ""Poland"": 4, ""Sweden"": 3}"
55,16,"Researchers in France collaborated with a team based in Greece. Researchers in Chile collaborated with a team based in Canada. Peru and Norway signed a joint statement on trade. The delegation travelled from China to Argentina before the summit. Researchers in Canada collaborated with a team based in China. After leaving Poland, the group spent three weeks in India. After leaving France, the group spent three weeks in Peru. The delegation travelled from Chile to Norway before the summit. After leaving Peru, the group spent three weeks in China. Egypt and Peru signed a joint statement on trade. Exports from India rose sharply while Italy reported a decline. Exports from Argentina rose sharply while India reported a decline. Exports from Italy rose sharply while Poland reported a decline. The documentary contrasted life in Australia with that in China. Researchers in Kenya collaborated with a team based in Germany. The documentary contrasted life in Norway with that in Greece.","{""Argentina"": 2, ""Australia"": 1, ""Canada"": 2, ""Chile"": 2, ""China"": 4, ""Egypt"": 1, ""France"": 2, ""Germany"": 1, ""Greece"": 2, ""India"": 3, ""Italy"": 2, ""Kenya"": 1, ""Norway"": 3, ""Peru"": 4, ""Poland"": 2}"
56,16,"The delegation travelled from Italy to Peru before the summit. Researchers in Egypt collaborated with a team based in Greece. The delegation travelled from Norway to Germany before the summit. The delegation travelled from Sweden to Japan before the summit. Sweden and Egypt signed a joint statement on trade. The documentary contrasted life in Norway with that in Egypt. Researchers in Australia collaborated with a team based in Sweden. The delegation travelled from Argentina to China before the summit. Kenya and Japan signed a joint statement on trade. Exports from Japan rose sharply while Italy reported a decline. Exports from Australia rose sharply while India reported a decline. China and Germany signed a joint statement on trade. After leaving Kenya, the group spent three weeks in Brazil. Researchers in Greece collaborated with a team based in Sweden. The documentary contrasted life in Norway with that in Germany. After leaving Norway, the group spent three weeks in Chile.","{""Argentina"": 1, ""Australia"": 2, ""Brazil"": 1, ""Chile"": 1, ""China"": 2, ""Egypt"": 3, ""Germany"": 3, ""Greece"": 2, ""India"": 1, ""Italy"": 2, ""Japan"": 3, ""Kenya"": 2, ""Norway"": 4, ""Peru"": 1, ""Sweden"": 4}"
57,16,"Exports from Poland rose sharply while Australia reported a decline. Japan and Kenya signed a joint statement on trade. The delegation travelled from Sweden to India before the summit. Argentina and Italy signed a joint statement on trade. The delegation travelled from Norway to Japan before the summit. The documentary contrasted life in Italy with that in Canada. The delegation travelled from France to Poland before the summit. Exports from Spain rose sharply while Canada reported a decline. The delegation travelled from Kenya to France before the summit. After leaving Greece, the group spent three weeks in China. The delegation travelled from Germany to China before the summit. Researchers in China collaborated with a team based in Kenya. Researchers in France collaborated with a team based in Argentina. Researchers in Poland collaborated with a team based in Kenya. The delegation travelled from France to Brazil before the summit. Researchers in Australia collaborated with a team based in Greece.","{""Argentina"": 2, ""Australia"": 2, ""Brazil"": 1, ""Canada"": 2, ""China"": 3, ""France"": 4, ""Germany"": 1, ""Greece"": 2, ""India"": 1, ""Italy"": 2, ""Japan"": 2, ""Kenya"": 4, ""Norway"": 1, ""Poland"": 3, ""Spain"": 1, ""Sweden"": 1}"
58,16,"After leaving India, the group spent three weeks in Egypt. After leaving Spain, the group spent three weeks in Egypt. After leaving Mexico, the group spent three weeks in Egypt. The documentary contrasted life in Canada with that in Australia. Exports from Greece rose sharply while Sweden reported a decline. Exports from Mexico rose sharply while France reported a decline. Germany and China signed a joint statement on trade. Exports from Peru rose sharply while China reported a decline. Researchers in Spain collaborated with a team based in Chile. The documentary contrasted life in Argentina with that in India. After leaving Sweden, the group spent three weeks in Poland. The documentary contrasted life in Poland with that in Chile. The documentary contrasted life in Sweden with that in Kenya. The delegation travelled from Norway to Canada before the summit. After leaving Chile, the group spent three weeks in Mexico. The delegation travelled from Australia to Peru before the summit.","{""Argentina"": 1, ""Australia"": 2, ""Canada"": 2, ""Chile"": 3, ""China"": 2, ""Egypt"": 3, ""France"": 1, ""Germany"": 1, ""Greece"": 1, ""India"": 2, ""Kenya"": 1, ""Mexico"": 3, ""Norway"": 1, ""Peru"": 2, ""Poland"": 2, ""Spain"": 2, ""Sweden"": 3}"
59,16,"The documentary contrasted life in Spain with that in Canada. Exports from Brazil rose sharply while Canada reported a decline. The documentary contrasted life in Japan with that in India. Brazil and Norway signed a joint statement on trade. Exports from Norway rose sharply while Germany reported a decline. The delegation travelled from India to Argentina before the summit. After leaving Australia, the group spent three weeks in Egypt. After leaving Norway, the group spent three weeks in Egypt. Exports from Italy rose sharply while Brazil reported a decline. The documentary contrasted life in Italy with that in Norway. After leaving Argentina, the group spent three weeks in Greece. After leaving Mexico, the group spent three weeks in France. The documentary contrasted life in France with that in Poland. The documentary contrasted life in Spain with that in Japan. After leaving China, the group spent three weeks in Poland. The documentary contrasted life in Spain with that in France.","{""Argentina"": 2, ""Australia"": 1, ""Brazil"": 3, ""Canada"": 2, ""China"": 1, ""Egypt"": 2, ""France"": 3, ""Germany"": 1, ""Greece"": 1, ""India"": 2, ""Italy"": 2, ""Japan"": 2, ""Mexico"": 1, ""Norway"": 4, ""Poland"": 2, ""Spain"": 3}"
60,16,"Peru and India signed a joint statement on trade. After leaving Kenya, the group spent three weeks in Brazil. The delegation travelled from Kenya to Japan before the summit. Germany and Norway signed a joint statement on trade. The delegation travelled from Italy to Poland before the summit. After leaving France, the group spent three weeks in Mexico. Researchers in Brazil collaborated with a team based in Japan. Greece and Peru signed a joint statement on trade. Exports from Germany rose sharply while Peru reported a decline. Researchers in Egypt collaborated with a team based in Greece. Exports from Germany rose sharply while France reported a decline. Researchers in China collaborated with a team based in India. The documentary contrasted life in China with that in Brazil. Japan and Argentina signed a joint statement on trade. The documentary contrasted life in France with that in Kenya. The delegation travelled from Japan to Norway before the summit.","{""Argentina"": 1, ""Brazil"": 3, ""China"": 2, ""Egypt"": 1, ""France"": 3, ""Germany"": 3, ""Greece"": 2, ""India"": 2, ""Italy"": 1, ""Japan"": 4, ""Kenya"": 3, ""Mexico"": 1, ""Norway"": 2, ""Peru"": 3, ""Poland"": 1}"
61,16,"After leaving Canada, the group spent three weeks in Australia. Researchers in China collaborated with a team based in Peru. Exports from Peru rose sharply while Greece reported a decline. Exports from Norway rose sharply while India reported a decline. The delegation travelled from Japan to Chile before the summit. Sweden and Argentina signed a joint statement on trade. The delegation travelled from Brazil to Greece before the summit. India and Peru signed a joint statement on trade. Canada and Germany signed a joint statement on trade. Researchers in Argentina collaborated with a team based in Germany. Researchers in Poland collaborated with a team based in China. The delegation travelled from Germany to China before the summit. Researchers in Norway collaborated with a team based in Spain. After leaving Sweden, the group spent three weeks in France. Researchers in France collaborated with a team based in Canada. The documentary contrasted life in Kenya with that in Brazil.","{""Argentina"": 2, ""Australia"": 1, ""Brazil"": 2, ""Canada"": 3, ""Chile"": 1, ""China"": 3, ""France"": 2, ""Germany"": 3, ""Greece"": 2, ""India"": 2, ""Japan"": 1, ""Kenya"": 1, ""Norway"": 2, ""Peru"": 3, ""Poland"": 1, ""Spain"": 1, ""Sweden"": 2}"
62,16,"Sweden and Chile signed a joint statement on trade. The delegation travelled from Mexico to Peru before the summit. Researchers in Norway collaborated with a team based in Poland. Researchers in Egypt collaborated with a team based in Poland. Exports from Italy rose sharply while Sweden reported a decline. After leaving Spain, the group spent three weeks in Mexico. After leaving India, the group spent three weeks in Australia. Researchers in Mexico collaborated with a team based in Norway. After leaving France, the group spent three weeks in Spain. Exports from Poland rose sharply while France reported a decline. Exports from Chile rose sharply while Germany reported a decline. The delegation travelled from Mexico to China before the summit. Germany and China signed a joint statement on trade. Mexico and France signed a joint statement on trade. After leaving Greece, the group spent three weeks in Norway. The delegation travelled from Chile to Italy before the summit.","{""Australia"": 1, ""Chile"": 3, ""China"": 2, ""Egypt"": 1, ""France"": 3, ""Germany"": 2, ""Greece"": 1, ""India"": 1, ""Italy"": 2, ""Mexico"": 5, ""Norway"": 3, ""Peru"": 1, ""Poland"": 3, ""Spain"": 2, ""Sweden"": 2}"
63,16,"After leaving Japan, the group spent three weeks in Spain. The delegation travelled from Chile to Sweden before the summit. After leaving Poland, the group spent three weeks in Peru. The delegation travelled from Australia to Peru before the summit. After leaving Greece, the group spent three weeks in Chile. After leaving Norway, the group spent three weeks in Peru. After leaving Norway, the group spent three weeks in Australia. Exports from Japan rose sharply while Poland reported a decline. Exports from China rose sharply while Germany reported a decline. After leaving Peru, the group spent three weeks in China. The delegation travelled from Argentina to Germany before the summit. The documentary contrasted life in France with that in Germany. The delegation travelled from Kenya to Canada before the summit. Exports from Argentina rose sharply while Poland reported a decline. After leaving Spain, the group spent three weeks in Japan. The documentary contrasted life in Spain with that in Kenya.","{""Argentina"": 2, ""Australia"": 2, ""Canada"": 1, ""Chile"": 2, ""China"": 2, ""France"": 1, ""Germany"": 3, ""Greece"": 1, ""Japan"": 3, ""Kenya"": 2, ""Norway"": 2, ""Peru"": 4, ""Poland"": 3, ""Spain"": 3, ""Sweden"": 1}"
64,16,"Exports from Italy rose sharply while Spain reported a decline. The delegation travelled from China to Mexico before the summit. Exports from Greece rose sharply while Germany reported a decline. Kenya and Argentina signed a joint statement on trade. The documentary contrasted life in Australia with that in Kenya. The delegation travelled from Canada to Spain before the summit. Exports from Canada rose sharply while Japan reported a decline. Kenya and Argentina signed a joint statement on trade. Mexico and Poland signed a joint statement on trade. Researchers in France collaborated with a team based in Canada. After leaving Spain, the group spent three weeks in Italy. Exports from Kenya rose sharply while Japan reported a decline. Brazil and France signed a joint statement on trade. The documentary contrasted life in Norway with that in Egypt. Exports from Greece rose sharply while Norway reported a decline. Researchers in Spain collaborated with a team based in Brazil.","{""Argentina"": 2, ""Australia"": 1, ""Brazil"": 2, ""Canada"": 3, ""China"": 1, ""Egypt"": 1, ""France"": 2, ""Germany"": 1, ""Greece"": 2, ""Italy"": 2, ""Japan"": 2, ""Kenya"": 4, ""Mexico"": 2, ""Norway"": 2, ""Poland"": 1, ""Spain"": 4}"
65,16,"After leaving France, the group spent three weeks in Brazil. The documentary contrasted life in Australia with that in Norway. Researchers in Norway collaborated with a team based in Sweden. The documentary contrasted life in Canada with that in Egypt. The delegation travelled from Norway to Germany before the summit. After leaving Kenya, the group spent three weeks in Peru. The delegation travelled from Peru to Spain before the summit. After leaving Mexico, the group spent three weeks in China. Researchers in China collaborated with a team based in Germany. The documentary contrasted life in Kenya with that in China. After leaving Peru, the group spent three weeks in Italy. Sweden and France signed a joint statement on trade. After leaving Greece, the group spent three weeks in India. The delegation travelled from Chile to Brazil before the summit. The delegation travelled from Australia to Spain before the summit. The documentary contrasted life in Canada with that in Kenya.","{""Australia"": 2, ""Brazil"": 2, ""Canada"": 2, ""Chile"": 1, ""China"": 3, ""Egypt"": 1, ""France"": 2, ""Germany"": 2, ""Greece"": 1, ""India"": 1, ""Italy"": 1, ""Kenya"": 3, ""Mexico"": 1, ""Norway"": 3, ""Peru"": 3, ""Spain"": 2, ""Sweden"": 2}"
66,16,"Germany and Argentina signed a joint statement on trade. The documentary contrasted life in Germany with that in India. The documentary contrasted life in China with that in Spain. Japan and Spain signed a joint statement on trade. Germany and Argentina signed a joint statement on trade. Argentina and Canada signed a joint statement on trade. Researchers in Chile collaborated with a team based in Australia. The documentary contrasted life in France with that in Norway. The delegation travelled from Spain to Germany before the summit. Researchers in Norway collaborated with a team based in Egypt. The documentary contrasted life in Poland with that in Spain. Japan and Norway signed a joint statement on trade. The delegation travelled from Sweden to Argentina before the summit. The documentary contrasted life in Greece with that in Kenya. After leaving China, the group spent three weeks in Peru. The documentary contrasted life in Kenya with that in Australia.","{""Argentina"": 4, ""Australia"": 2, ""Canada"": 1, ""Chile"": 1, ""China"": 2, ""Egypt"": 1, ""France"": 1, ""Germany"": 4, ""Greece"": 1, ""India"": 1, ""Japan"": 2, ""Kenya"": 2, ""Norway"": 3, ""Peru"": 1, ""Poland"": 1, ""Spain"": 4, ""Sweden"": 1}"
67,16,"After leaving Poland, the group spent three weeks in Peru. The delegation travelled from Poland to India before the summit. The delegation travelled from Chile to Egypt before the summit. Greece and Poland signed a joint statement on trade. Researchers in Italy collaborated with a team based in China. After leaving Germany, the group spent three weeks in Egypt. The delegation travelled from France to Italy before the summit. The delegation travelled from Egypt to Kenya before the summit. Exports from Kenya rose sharply while Egypt reported a decline. The documentary contrasted life in Spain with that in Mexico. After leaving Greece, the group spent three weeks in Australia. The delegation travelled from Poland to Sweden before the summit. The delegation travelled from Australia to Germany before the summit. Researchers in Spain collaborated with a team based in Argentina. Researchers in Poland collaborated with a team based in Argentina. The delegation travelled from Egypt to Italy before the summit.","{""Argentina"": 2, ""Australia"": 2, ""Chile"": 1, ""China"": 1, ""Egypt"": 5, ""France"": 1, ""Germany"": 2, ""Greece"": 2, ""India"": 1, ""Italy"": 3, ""Kenya"": 2, ""Mexico"": 1, ""Peru"": 1, ""Poland"": 5, ""Spain"": 2, ""Sweden"": 1}"
68,16,"The delegation travelled from Sweden to Italy before the summit. The delegation travelled from China to India before the summit. Researchers in India collaborated with a team based in Canada. The documentary contrasted life in Canada with that in China. Researchers in Canada collaborated with a team based in Spain. Exports from Brazil rose sharply while Peru reported a decline. The delegation travelled from Peru to India before the summit. The delegation travelled from Sweden to Canada before the summit. Chile and Argentina signed a joint statement on trade. Exports from Chile rose sharply while France reported a decline. Exports from France rose sharply while Chile reported a decline. The documentary contrasted life in France with that in Chile. After leaving Canada, the group spent three weeks in Greece. After leaving Japan, the group spent three weeks in China. Researchers in Sweden collaborated with a team based in Germany. The delegation travelled from Japan to Peru before the summit.","{""Argentina"": 1, ""Brazil"": 1, ""Canada"": 5, ""Chile"": 4, ""China"": 3, ""France"": 3, ""Germany"": 1, ""Greece"": 1, ""India"": 3, ""Italy"": 1, ""Japan"": 2, ""Peru"": 3, ""Spain"": 1, ""Sweden"": 3}"
69,16,"Exports from Greece rose sharply while Egypt reported a decline. After leaving Spain, the group spent three weeks in Poland. Researchers in Argentina collaborated with a team based in France. The documentary contrasted life in Germany with that in France. The delegation travelled from Germany to Australia before the summit. Exports from India rose sharply while Egypt reported a decline. After leaving Spain, the group spent three weeks in India. Exports from Mexico rose sharply while China reported a decline. Researchers in Peru collaborated with a team based in Poland. Exports from Norway rose sharply while Japan reported a decline. The documentary contrasted life in Sweden with that in Canada. The documentary contrasted life in Japan with that in Sweden. Exports from Brazil rose sharply while Spain reported a decline. The delegation travelled from Italy to Egypt before the summit. Researchers in China collaborated with a team based in Spain. Exports from Egypt rose sharply while Japan reported a decline.","{""Argentina"": 1, ""Australia"": 1, ""Brazil"": 1, ""Canada"": 1, ""China"": 2, ""Egypt"": 4, ""France"": 2, ""Germany"": 2, ""Greece"": 1, ""India"": 2, ""Italy"": 1, ""Japan"": 3, ""Mexico"": 1, ""Norway"": 1, ""Peru"": 1, ""Poland"": 2, ""Spain"": 4, ""Sweden"": 2}"
70,16,"The documentary contrasted life in Greece with that in Sweden. Japan and China signed a joint statement on trade. The documentary contrasted life in France with that in Chile. The documentary contrasted life in Argentina with that in Japan. Researchers in Argentina collaborated with a team based in Japan. After leaving Kenya, the group spent three weeks in Spain. The delegation travelled from China to Italy before the summit. Exports from Poland rose sharply while Spain reported a decline. Researchers in India collaborated with a team based in Greece. Exports from France rose sharply while Canada reported a decline. After leaving Japan, the group spent three weeks in Norway. Brazil and France signed a joint statement on trade. The documentary contrasted life in Canada with that in China. Sweden and Spain signed a joint statement on trade. Exports from Argentina rose sharply while Italy reported a decline. The documentary contrasted life in Germany with that in China.","{""Argentina"": 3, ""Brazil"": 1, ""Canada"": 2, ""Chile"": 1, ""China"": 4, ""France"": 3, ""Germany"": 1, ""Greece"": 2, ""India"": 1, ""Italy"": 2, ""Japan"": 4, ""Kenya"": 1, ""Norway"": 1, ""Poland"": 1, ""Spain"": 3, ""Sweden"": 2}"
71,16,"The documentary contrasted life in Japan with that in Australia. The delegation travelled from Canada to Mexico before the summit. Researchers in Mexico collaborated with a team based in Argentina. After leaving Japan, the group spent three weeks in Sweden. After leaving Chile, the group spent three weeks in Spain. After leaving Norway, the group spent three weeks in Spain. Exports from Norway rose sharply while Peru reported a decline. Exports from India rose sharply while France reported a decline. The documentary contrasted life in France with that in Poland. The documentary contrasted life in Chile with that in Australia. The documentary contrasted life in Argentina with that in Chile. Peru and Brazil signed a joint statement on trade. Researchers in India collaborated with a team based in Italy. Exports from Greece rose sharply while Brazil reported a decline. The delegation travelled from Norway to Egypt before the summit. The delegation travelled from Norway to Italy before the summit.","{""Argentina"": 2, ""Australia"": 2, ""Brazil"": 2, ""Canada"": 1, ""Chile"": 3, ""Egypt"": 1, ""France"": 2, ""Greece"": 1, ""India"": 2, ""Italy"": 2, ""Japan"": 2, ""Mexico"": 2, ""Norway"": 4, ""Peru"": 2, ""Poland"": 1, ""Spain"": 2, ""Sweden"": 1}"
72,16,"The delegation travelled from France to Norway before the summit. Researchers in France collaborated with a team based in Brazil. The delegation travelled from Mexico to Poland before the summit. The documentary contrasted life in Sweden with that in Poland. Researchers in France collaborated with a team based in Brazil. The delegation travelled from Brazil to Egypt before the summit. Canada and Brazil signed a joint statement on trade. Researchers in Brazil collaborated with a team based in Japan. Exports from Mexico rose sharply while Germany reported a decline. The documentary contrasted life in Norway with that in Chile. Researchers in Mexico collaborated with a team based in Australia. Researchers in Germany collaborated with a team based in Canada. The documentary contrasted life in Chile with that in Greece. Exports from Australia rose sharply while Italy reported a decline. The documentary contrasted life in Germany with that in Canada. After leaving Mexico, the group spent three weeks in Germany.","{""Australia"": 2, ""Brazil"": 5, ""Canada"": 3, ""Chile"": 2, ""Egypt"": 1, ""France"": 3, ""Germany"": 4, ""Greece"": 1, ""Italy"": 1, ""Japan"": 1, ""Mexico"": 4, ""Norway"": 2, ""Poland"": 2, ""Sweden"": 1}"
73,16,"Peru and Italy signed a joint statement on trade. The delegation travelled from Egypt to Mexico before the summit. Researchers in Egypt collaborated with a team based in Italy. Exports from Poland rose sharply while Japan reported a decline. The delegation travelled from Chile to Argentina before the summit. After leaving Argentina, the group spent three weeks in Spain. The documentary contrasted life in Brazil with that in Greece. The documentary contrasted life in China with that in Mexico. After leaving India, the group spent three weeks in Sweden. The documentary contrasted life in China with that in India. Exports from India rose sharply while Argentina reported a decline. The delegation travelled from Greece to Australia before the summit. After leaving Brazil, the group spent three weeks in Mexico. After leaving India, the group spent three weeks in Norway. The delegation travelled from Spain to Sweden before the summit. The delegation travelled from Spain to Australia before the summit.","{""Argentina"": 3, ""Australia"": 2, ""Brazil"": 2, ""Chile"": 1, ""China"": 2, ""Egypt"": 2, ""Greece"": 2, ""India"": 4, ""Italy"": 2, ""Japan"": 1, ""Mexico"": 3, ""Norway"": 1, ""Peru"": 1, ""Poland"": 1, ""Spain"": 3, ""Sweden"": 2}"
74,16,"The delegation travelled from Peru to Norway before the summit. Researchers in India collaborated with a team based in Argentina. Researchers in Chile collaborated with a team based in Japan. The delegation travelled from Australia to Mexico before the summit. The delegation travelled from Peru to Argentina before the summit. After leaving Peru, the group spent three weeks in Sweden. Exports from Japan rose sharply while Canada reported a decline. After leaving France, the group spent three weeks in Canada. After leaving Kenya, the group spent three weeks in Germany. After leaving Brazil, the group spent three weeks in Japan. Chile and Norway signed a joint statement on trade. The delegation travelled from Spain to Greece before the summit. After leaving Sweden, the group spent three weeks in Egypt. After leaving Peru, the group spent three weeks in Norway. Spain and Chile signed a joint statement on trade. Spain and Sweden signed a joint statement on trade.","{""Argentina"": 2, ""Australia"": 1, ""Brazil"": 1, ""Canada"": 2, ""Chile"": 3, ""Egypt"": 1, ""France"": 1, ""Germany"": 1, ""Greece"": 1, ""India"": 1, ""Japan"": 3, ""Kenya"": 1, ""Mexico"": 1, ""Norway"": 3, ""Peru"": 4, ""Spain"": 3, ""Sweden"": 3}"
75,16,"The documentary contrasted life in Australia with that in Italy. Canada and Brazil signed a joint statement on trade. Researchers in Chile collaborated with a team based in Sweden. The documentary contrasted life in Japan with that in Canada. Exports from Germany rose sharply while China reported a decline. Exports from Chile rose sharply while Norway reported a decline. Argentina and France signed a joint statement on trade. Exports from China rose sharply while Norway reported a decline. The documentary contrasted life in Argentina with that in Spain. Researchers in Mexico collaborated with a team based in Spain. Researchers in Germany collaborated with a team based in Poland. The documentary contrasted life in Egypt with that in Germany. The delegation travelled from Italy to Poland before the summit. After leaving Canada, the group spent three weeks in India. The documentary contrasted life in Germany with that in Peru. Exports from Germany rose sharply while Japan reported a decline.","{""Argentina"": 2, ""Australia"": 1, ""Brazil"": 1, ""Canada"": 3, ""Chile"": 2, ""China"": 2, ""Egypt"": 1, ""France"": 1, ""Germany"": 5, ""India"": 1, ""Italy"": 2, ""Japan"": 2, ""Mexico"": 1, ""Norway"": 2, ""Peru"": 1, ""Poland"": 2, ""Spain"": 2, ""Sweden"": 1}"
76,16,"Exports from Sweden rose sharply while Norway reported a decline. The documentary contrasted life in Italy with that in Spain. Exports from Brazil rose sharply while Greece reported a decline. After leaving Germany, the group spent three weeks in Egypt. Exports from Italy rose sharply while Norway reported a decline. After leaving Argentina, the group spent three weeks in Egypt. Poland and Egypt signed a joint statement on trade. Kenya and Mexico signed a joint statement on trade. The documentary contrasted life in Greece with that in Chile. Exports from Norway rose sharply while China reported a decline. Researchers in France collaborated with a team based in Canada. Poland and Kenya signed a joint statement on trade. Researchers in Peru collaborated with a team based in Chile. Researchers in China collaborated with a team based in Japan. The documentary contrasted life in Germany with that in Kenya. Researchers in Spain collaborated with a team based in Canada.","{""Argentina"": 1, ""Brazil"": 1, ""Canada"": 2, ""Chile"": 2, ""China"": 2, ""Egypt"": 3, ""France"": 1, ""Germany"": 2, ""Greece"": 2, ""Italy"": 2, ""Japan"": 1, ""Kenya"": 3, ""Mexico"": 1, ""Norway"": 3, ""Peru"": 1, ""Poland"": 2, ""Spain"": 2, ""Sweden"": 1}"
77,16,"After leaving Peru, the group spent three weeks in Argentina. Spain and Canada signed a joint statement on trade. Exports from Brazil rose sharply while Peru reported a decline. The delegation travelled from Germany to Peru before the summit. Researchers in China collaborated with a team based in Poland. After leaving Egypt, the group spent three weeks in Germany. The documentary contrasted life in Egypt with that in Australia. Peru and Kenya signed a joint statement on trade. After leaving Chile, the group spent three weeks in Egypt. Mexico and Japan signed a joint statement on trade. The documentary contrasted life in Brazil with that in France. After leaving Egypt, the group spent three weeks in Poland. France and Peru signed a joint statement on trade. After leaving France, the group spent three weeks in Norway. Italy and China signed a joint statement on trade. Exports from China rose sharply while Italy reported a decline.","{""Argentina"": 1, ""Australia"": 1, ""Brazil"": 2, ""Canada"": 1, ""Chile"": 1, ""China"": 3, ""Egypt"": 4, ""France"": 3, ""Germany"": 2, ""Italy"": 2, ""Japan"": 1, ""Kenya"": 1, ""Mexico"": 1, ""Norway"": 1, ""Peru"": 5, ""Poland"": 2, ""Spain"": 1}"
78,16,"Brazil and Mexico signed a joint statement on trade. Researchers in Chile collaborated with a team based in Japan. After leaving India, the group spent three weeks in Japan. The delegation travelled from India to Chile before the summit. Argentina and Kenya signed a joint statement on trade. After leaving France, the group spent three weeks in Germany. The documentary contrasted life in Peru with that in Chile. Researchers in Greece collaborated with a team based in Peru. Researchers in Brazil collaborated with a team based in China. After leaving Argentina, the group spent three weeks in Poland. The documentary contrasted life in Japan with that in Egypt. After leaving Chile, the group spent three weeks in Brazil. After leaving Greece, the group spent three weeks in Argentina. The delegation travelled from France to Italy before the summit. Researchers in Norway collaborated with a team based in Canada. Exports from Argentina rose sharply while Japan reported a decline.","{""Argentina"": 4, ""Brazil"": 3, ""Canada"": 1, ""Chile"": 4, ""China"": 1, ""Egypt"": 1, ""France"": 2, ""Germany"": 1, ""Greece"": 2, ""India"": 2, ""Italy"": 1, ""Japan"": 4, ""Kenya"": 1, ""Mexico"": 1, ""Norway"": 1, ""Peru"": 2, ""Poland"": 1}"
79,16,"China and Sweden signed a joint statement on trade. After leaving Argentina, the group spent three weeks in Italy. After leaving Mexico, the group spent three weeks in Germany. The documentary contrasted life in Peru with that in Poland. The delegation travelled from Germany to Mexico before the summit. Exports from Japan rose sharply while Chile reported a decline. Researchers in Mexico collaborated with a team based in Spain. Researchers in Egypt collaborated with a team based in Sweden. The delegation travelled from Brazil to Peru before the summit. Sweden and Australia signed a joint statement on trade. After leaving Japan, the group spent three weeks in Mexico. The delegation travelled from Brazil to Sweden before the summit. The delegation travelled from China to Peru before the summit. Researchers in Norway collaborated with a team based in Australia. The delegation travelled from Egypt to France before the summit. After leaving Argentina, the group spent three weeks in Chile.","{""Argentina"": 2, ""Australia"": 2, ""Brazil"": 2, ""Chile"": 2, ""China"": 2, ""Egypt"": 2, ""France"": 1, ""Germany"": 2, ""Italy"": 1, ""Japan"": 2, ""Mexico"": 4, ""Norway"": 1, ""Peru"": 3, ""Poland"": 1, ""Spain"": 1, ""Sweden"": 4}"
80,16,"The documentary contrasted life in France with that in Peru. Exports from Chile rose sharply while Norway reported a decline. Japan and Egypt signed a joint statement on trade. Researchers in Mexico collaborated with a team based in Italy. The delegation travelled from India to China before the summit. Brazil and Australia signed a joint statement on trade. After leaving Greece, the group spent three weeks in Peru. After leaving Canada, the group spent three weeks in Kenya. The delegation travelled from Peru to Sweden before the summit. The documentary contrasted life in Spain with that in Argentina. The documentary contrasted life in Canada with that in China. The documentary contrasted life in Greece with that in Japan. Researchers in Spain collaborated with a team based in Germany. The documentary contrasted life in Canada with that in Peru. The delegation travelled from China to Peru before the summit. After leaving Norway, the group spent three weeks in France.","{""Argentina"": 1, ""Australia"": 1, ""Brazil"": 1, ""Canada"": 3, ""Chile"": 1, ""China"": 3, ""Egypt"": 1, ""France"": 2, ""Germany"": 1, ""Greece"": 2, ""India"": 1, ""Italy"": 1, ""Japan"": 2, ""Kenya"": 1, ""Mexico"": 1, ""Norway"": 2, ""Peru"": 5, ""Spain"": 2, ""Sweden"": 1}"
81,16,"After leaving Egypt, the group spent three weeks in France. After leaving Poland, the group spent three weeks in Australia. The documentary contrasted life in Chile with that in France. Researchers in Sweden collaborated with a team based in Poland. After leaving Egypt, the group spent three weeks in Norway. Researchers in Greece collaborated with a team based in Germany. After leaving Greece, the group spent three weeks in Egypt. Researchers in Poland collaborated with a team based in France. Australia and Japan signed a joint statement on trade. Exports from Norway rose sharply while Mexico reported a decline. After leaving Japan, the group spent three weeks in France. Exports from France rose sharply while Brazil reported a decline. The delegation travelled from Mexico to Sweden before the summit. Researchers in Kenya collaborated with a team based in Chile. After leaving Norway, the group spent three weeks in Spain. The delegation travelled from Argentina to Mexico before the summit.","{""Argentina"": 1, ""Australia"": 2, ""Brazil"": 1, ""Chile"": 2, ""Egypt"": 3, ""France"": 5, ""Germany"": 1, ""Greece"": 2, ""Japan"": 2, ""Kenya"": 1, ""Mexico"": 3, ""Norway"": 3, ""Poland"": 3, ""Spain"": 1, ""Sweden"": 2}"
82,16,"Researchers in Spain collaborated with a team based in Brazil. Exports from Spain rose sharply while Brazil reported a decline. The delegation travelled from Mexico to Norway before the summit. After leaving Chile, the group spent three weeks in Mexico. After leaving Italy, the group spent three weeks in Egypt. Researchers in Spain collaborated with a team based in Brazil. Peru and Australia signed a joint statement on trade. Researchers in Canada collaborated with a team based in Sweden. Exports from Brazil rose sharply while Spain reported a decline. The delegation travelled from Greece to Italy before the summit. After leaving Brazil, the group spent three weeks in Spain. The documentary contrasted life in Argentina with that in Chile. Spain and Sweden signed a joint statement on trade. Spain and Mexico signed a joint statement on trade. After leaving India, the group spent three weeks in Spain. Exports from Mexico rose sharply while Argentina reported a decline.","{""Argentina"": 2, ""Australia"": 1, ""Brazil"": 5, ""Canada"": 1, ""Chile"": 2, ""Egypt"": 1, ""Greece"": 1, ""India"": 1, ""Italy"": 2, ""Mexico"": 4, ""Norway"": 1, ""Peru"": 1, ""Spain"": 8, ""Sweden"": 2}"
83,16,"The documentary contrasted life in Australia with that in Kenya. After leaving Kenya, the group spent three weeks in Canada. The delegation travelled from Greece to Norway before the summit. Norway and France signed a joint statement on trade. Germany and Norway signed a joint statement on trade. The delegation travelled from Chile to Spain before the summit. The documentary contrasted life in Sweden with that in Norway. Exports from Australia rose sharply while Chile reported a decline. The delegation travelled from Mexico to Norway before the summit. The delegation travelled from Brazil to Chile before the summit. Kenya and Norway signed a joint statement on trade. The documentary contrasted life in Peru with that in Canada. Researchers in Canada collaborated with a team based in Australia. Exports from Greece rose sharply while China reported a decline. Norway and Kenya signed a joint statement on trade. After leaving China, the group spent three weeks in Kenya.","{""Australia"": 3, ""Brazil"": 1, ""Canada"": 3, ""Chile"": 3, ""China"": 2, ""France"": 1, ""Germany"": 1, ""Greece"": 2, ""Kenya"": 5, ""Mexico"": 1, ""Norway"": 7, ""Peru"": 1, ""Spain"": 1, ""Sweden"": 1}"
84,16,"Exports from Japan rose sharply while Brazil reported a decline. The delegation travelled from Greece to Australia before the summit. The delegation travelled from Argentina to Italy before the summit. The delegation travelled from Spain to France before the summit. The documentary contrasted life in Canada with that in Kenya. Exports from Canada rose sharply while Spain reported a decline. Exports from Sweden rose sharply while Egypt reported a decline. Exports from Egypt rose sharply while Argentina reported a decline. After leaving France, the group spent three weeks in Sweden. Researchers in Spain collaborated with a team based in Poland. The delegation travelled from Peru to Norway before the summit. Chile and Sweden signed a joint statement on trade. Peru and Australia signed a joint statement on trade. The delegation travelled from Spain to Japan before the summit. The documentary contrasted life in France with that in Chile. The delegation travelled from China to Canada before the summit.","{""Argentina"": 2, ""Australia"": 2, ""Brazil"": 1, ""Canada"": 3, ""Chile"": 2, ""China"": 1, ""Egypt"": 2, ""France"": 3, ""Greece"": 1, ""Italy"": 1, ""Japan"": 2, ""Kenya"": 1, ""Norway"": 1, ""Peru"": 2, ""Poland"": 1, ""Spain"": 4, ""Sweden"": 3}"
85,16,"Norway and Australia signed a joint statement on trade. After leaving Greece, the group spent three weeks in Egypt. Exports from Italy rose sharply while China reported a decline. After leaving Australia, the group spent three weeks in Peru. The documentary contrasted life in India with that in Australia. The delegation travelled from Greece to Australia before the summit. Exports from Egypt rose sharply while Mexico reported a decline. Researchers in Kenya collaborated with a team based in Egypt. The delegation travelled from Poland to Brazil before the summit. The documentary contrasted life in Canada with that in Egypt. Germany and Norway signed a joint statement on trade. The delegation travelled from Italy to Japan before the summit. The delegation travelled from Australia to Kenya before the summit. Exports from Argentina rose sharply while Canada reported a decline. Researchers in Kenya collaborated with a team based in Egypt. Australia and China signed a joint statement on trade.","{""Argentina"": 1, ""Australia"": 6, ""Brazil"": 1, ""Canada"": 2, ""China"": 2, ""Egypt"": 5, ""Germany"": 1, ""Greece"": 2, ""India"": 1, ""Italy"": 2, ""Japan"": 1, ""Kenya"": 3, ""Mexico"": 1, ""Norway"": 2, ""Peru"": 1, ""Poland"": 1}"
86,16,"Australia and Japan signed a joint statement on trade. After leaving Norway, the group spent three weeks in India. The documentary contrasted life in Italy with that in Chile. The documentary contrasted life in Japan with that in Germany. Germany and Argentina signed a joint statement on trade. After leaving Egypt, the group spent three weeks in Australia. Norway and China signed a joint statement on trade. The delegation travelled from Mexico to Egypt before the summit. After leaving Greece, the group spent three weeks in Mexico. After leaving Norway, the group spent three weeks in Japan. Exports from Mexico rose sharply while Greece reported a decline. Exports from Norway rose sharply while India reported a decline. The documentary contrasted life in Poland with that in China. India and Greece signed a joint statement on trade. The delegation travelled from Canada to China before the summit. Researchers in Brazil collaborated with a team based in Poland.","{""Argentina"": 1, ""Australia"": 2, ""Brazil"": 1, ""Canada"": 1, ""Chile"": 1, ""China"": 3, ""Egypt"": 2, ""Germany"": 2, ""Greece"": 3, ""India"": 3, ""Italy"": 1, ""Japan"": 3, ""Mexico"": 3, ""Norway"": 4, ""Poland"": 2}"
87,16,"Researchers in Egypt collaborated with a team based in France. Poland and Sweden signed a joint statement on trade. The documentary contrasted life in Egypt with that in Kenya. Exports from India rose sharply while Argentina reported a decline. Researchers in Australia collaborated with a team based in Peru. Researchers in Spain collaborated with a team based in Brazil. The delegation travelled from Canada to Greece before the summit. After leaving Germany, the group spent three weeks in Spain. Exports from Australia rose sharply while Kenya reported a decline. Researchers in Australia collaborated with a team based in Canada. The delegation travelled from Brazil to Egypt before the summit. Researchers in Spain collaborated with a team based in India. Norway and Japan signed a joint statement on trade. After leaving Germany, the group spent three weeks in Spain. Norway and Poland signed a joint statement on trade. Kenya and Poland signed a joint statement on trade.","{""Argentina"": 1, ""Australia"": 3, ""Brazil"": 2, ""Canada"": 2, ""Egypt"": 3, ""France"": 1, ""Germany"": 2, ""Greece"": 1, ""India"": 2, ""Japan"": 1, ""Kenya"": 3, ""Norway"": 2, ""Peru"": 1, ""Poland"": 3, ""Spain"": 4, ""Sweden"": 1}"
88,16,"Exports from China rose sharply while Brazil reported a decline. The delegation travelled from Sweden to India before the summit. Researchers in Germany collaborated with a team based in Japan. The documentary contrasted life in Greece with that in Japan. Exports from Australia rose sharply while Germany reported a decline. Exports from Brazil rose sharply while Peru reported a decline. Exports from Argentina rose sharply while Norway reported a decline. The delegation travelled from China to India before the summit. The delegation travelled from Italy to China before the summit. After leaving Chile, the group spent three weeks in Italy. Italy and Spain signed a joint statement on trade. Researchers in Argentina collaborated with a team based in Peru. The delegation travelled from Peru to Australia before the summit. The documentary contrasted life in Australia with that in Brazil. Researchers in Japan collaborated with a team based in Canada. Researchers in Peru collaborated with a team based in China.","{""Argentina"": 2, ""Australia"": 3, ""Brazil"": 3, ""Canada"": 1, ""Chile"": 1, ""China"": 4, ""Germany"": 2, ""Greece"": 1, ""India"": 2, ""Italy"": 3, ""Japan"": 3, ""Norway"": 1, ""Peru"": 4, ""Spain"": 1, ""Sweden"": 1}"
89,16,"Researchers in Peru collaborated with a team based in Kenya. The delegation travelled from Italy to Poland before the summit. The documentary contrasted life in Canada with that in Germany. The documentary contrasted life in Mexico with that in Peru. Researchers in Greece collaborated with a team based in Argentina. After leaving Mexico, the group spent three weeks in Poland. After leaving Norway, the group spent three weeks in India. Researchers in Norway collaborated with a team based in Germany. The delegation travelled from Poland to Sweden before the summit. After leaving Chile, the group spent three weeks in Germany. The documentary contrasted life in Japan with that in Sweden. After leaving Italy, the group spent three weeks in Mexico. The documentary contrasted life in Argentina with that in Sweden. Researchers in Brazil collaborated with a team based in Egypt. Researchers in Kenya collaborated with a team based in Argentina. Egypt and Norway signed a joint statement on trade.","{""Argentina"": 3, ""Brazil"": 1, ""Canada"": 1, ""Chile"": 1, ""Egypt"": 2, ""Germany"": 3, ""Greece"": 1, ""India"": 1, ""Italy"": 2, ""Japan"": 1, ""Kenya"": 2, ""Mexico"": 3, ""Norway"": 3, ""Peru"": 2, ""Poland"": 3, ""Sweden"": 3}"
90,16,"The documentary contrasted life in Poland with that in India. Exports from Norway rose sharply while Egypt reported a decline. After leaving Italy, the group spent three weeks in Australia. After leaving Brazil, the group spent three weeks in Greece. Researchers in India collaborated with a team based in Brazil. Exports from Kenya rose sharply while Canada reported a decline. The documentary contrasted life in Egypt with that in Norway. Mexico and Norway signed a joint statement on trade. The delegation travelled from Peru to India before the summit. After leaving Argentina, the group spent three weeks in Greece. After leaving Germany, the group spent three weeks in Norway. Researchers in Chile collaborated with a team based in Argentina. Exports from Australia rose sharply while China reported a decline. The delegation travelled from Norway to India before the summit. Researchers in Greece collaborated with a team based in Germany. The delegation travelled from Mexico to Canada before the summit.","{""Argentina"": 2, ""Australia"": 2, ""Brazil"": 2, ""Canada"": 2, ""Chile"": 1, ""China"": 1, ""Egypt"": 2, ""Germany"": 2, ""Greece"": 3, ""India"": 4, ""Italy"": 1, ""Kenya"": 1, ""Mexico"": 2, ""Norway"": 5, ""Peru"": 1, ""Poland"": 1}"
91,16,"Exports from France rose sharply while Mexico reported a decline. Poland and Peru signed a joint statement on trade. The documentary contrasted life in China with that in Greece. The delegation travelled from Sweden to Peru before the summit. After leaving Egypt, the group spent three weeks in Germany. The delegation travelled from Kenya to Spain before the summit. Exports from France rose sharply while Poland reported a decline. Researchers in Sweden collaborated with a team based in Mexico. The delegation travelled from Egypt to Germany before the summit. Researchers in Brazil collaborated with a team based in Kenya. The delegation travelled from China to Australia before the summit. After leaving France, the group spent three weeks in Australia. The delegation travelled from Brazil to Sweden before the summit. The delegation travelled from India to France before the summit. The documentary contrasted life in Greece with that in India. After leaving Italy, the group spent three weeks in Brazil.","{""Australia"": 2, ""Brazil"": 3, ""China"": 2, ""Egypt"": 2, ""France"": 4, ""Germany"": 2, ""Greece"": 2, ""India"": 2, ""Italy"": 1, ""Kenya"": 2, ""Mexico"": 2, ""Peru"": 2, ""Poland"": 2, ""Spain"": 1, ""Sweden"": 3}"
92,16,"Researchers in Chile collaborated with a team based in India. The delegation travelled from Chile to Egypt before the summit. Norway and Spain signed a joint statement on trade. The documentary contrasted life in Australia with that in Greece. Mexico and Canada signed a joint statement on trade. After leaving Peru, the group spent three weeks in India. The documentary contrasted life in Chile with that in Canada. The delegation travelled from Canada to Greece before the summit. The delegation travelled from Spain to Italy before the summit. Italy and Sweden signed a joint statement on trade. Researchers in Canada collaborated with a team based in Germany. The delegation travelled from Kenya to Japan before the summit. The documentary contrasted life in Mexico with that in Chile. The documentary contrasted life in Brazil with that in Poland. The delegation travelled from Italy to Mexico before the summit. The delegation travelled from China to Sweden before the summit.","{""Australia"": 1, ""Brazil"": 1, ""Canada"": 4, ""Chile"": 4, ""China"": 1, ""Egypt"": 1, ""Germany"": 1, ""Greece"": 2, ""India"": 2, ""Italy"": 3, ""Japan"": 1, ""Kenya"": 1, ""Mexico"": 3, ""Norway"": 1, ""Peru"": 1, ""Poland"": 1, ""Spain"": 2, ""Sweden"": 2}"
93,16,"Exports from Japan rose sharply while India reported a decline. The documentary contrasted life in Australia with that in Poland. Researchers in Japan collaborated with a team based in Poland. After leaving Argentina, the group spent three weeks in Poland. Japan and Italy signed a joint statement on trade. Researchers in Chile collaborated with a team based in Poland. After leaving Sweden, the group spent three weeks in Egypt. Greece and Canada signed a joint statement on trade. Researchers in Norway collaborated with a team based in Brazil. Exports from Peru rose sharply while India reported a decline. Researchers in Argentina collaborated with a team based in Poland. Exports from Poland rose sharply while Mexico reported a decline. The documentary contrasted life in Japan with that in Kenya. After leaving Poland, the group spent three weeks in Mexico. Researchers in Germany collaborated with a team based in Greece. Exports from Chile rose sharply while Brazil reported a decline.","{""Argentina"": 2, ""Australia"": 1, ""Brazil"": 2, ""Canada"": 1, ""Chile"": 2, ""Egypt"": 1, ""Germany"": 1, ""Greece"": 2, ""India"": 2, ""Italy"": 1, ""Japan"": 4, ""Kenya"": 1, ""Mexico"": 2, ""Norway"": 1, ""Peru"": 1, ""Poland"": 7, ""Sweden"": 1}"
94,16,"Poland and France signed a joint statement on trade. The documentary contrasted life in Norway with that in Germany. Exports from Peru rose sharply while Kenya reported a decline. Researchers in Kenya collaborated with a team based in Australia. The documentary contrasted life in Brazil with that in Argentina. Exports from Sweden rose sharply while Mexico reported a decline. The documentary contrasted life in Mexico with that in Canada. The delegation travelled from Kenya to Italy before the summit. The documentary contrasted life in Canada with that in India. After leaving China, the group spent three weeks in Germany. After leaving Kenya, the group spent three weeks in Greece. Exports from Egypt rose sharply while Australia reported a decline. After leaving Poland, the group spent three weeks in Argentina. Researchers in Brazil collaborated with a team based in Canada. The documentary contrasted life in Spain with that in Norway. The documentary contrasted life in Brazil with that in Mexico.","{""Argentina"": 2, ""Australia"": 2, ""Brazil"": 3, ""Canada"": 3, ""China"": 1, ""Egypt"": 1, ""France"": 1, ""Germany"": 2, ""Greece"": 1, ""India"": 1, ""Italy"": 1, ""Kenya"": 4, ""Mexico"": 3, ""Norway"": 2, ""Peru"": 1, ""Poland"": 2, ""Spain"": 1, ""Sweden"": 1}"
95,16,"India and France signed a joint statement on trade. After leaving India, the group spent three weeks in Norway. Exports from Greece rose sharply while Germany reported a decline. The documentary contrasted life in Brazil with that in Kenya. The documentary contrasted life in India with that in Brazil. After leaving Argentina, the group spent three weeks in Norway. Exports from Peru rose sharply while Greece reported a decline. Sweden and Norway signed a joint statement on trade. After leaving Argentina, the group spent three weeks in Japan. After leaving Norway, the group spent three weeks in France. Sweden and Italy signed a joint statement on trade. Researchers in Australia collaborated with a team based in Norway. Researchers in Greece collaborated with a team based in Argentina. After leaving Argentina, the group spent three weeks in Brazil. The delegation travelled from Brazil to Spain before the summit. Sweden and Peru signed a joint statement on trade.","{""Argentina"": 4, ""Australia"": 1, ""Brazil"": 4, ""France"": 2, ""Germany"": 1, ""Greece"": 3, ""India"": 3, ""Italy"": 1, ""Japan"": 1, ""Kenya"": 1, ""Norway"": 5, ""Peru"": 2, ""Spain"": 1, ""Sweden"": 3}"
96,16,"The documentary contrasted life in Egypt with that in Brazil. Researchers in Poland collaborated with a team based in Japan. After leaving Argentina, the group spent three weeks in Norway. The delegation travelled from Germany to Spain before the summit. After leaving Argentina, the group spent three weeks in Italy. Argentina and Chile signed a joint statement on trade. After leaving Italy, the group spent three weeks in France. Researchers in India collaborated with a team based in Australia. France and Australia signed a joint statement on trade. The delegation travelled from China to Spain before the summit. The documentary contrasted life in Egypt with that in Sweden. The delegation travelled from Sweden to Mexico before the summit. After leaving Norway, the group spent three weeks in Italy. Researchers in Australia collaborated with a team based in Norway. The delegation travelled from Australia to Poland before the summit. The documentary contrasted life in Germany with that in Norway.","{""Argentina"": 3, ""Australia"": 4, ""Brazil"": 1, ""Chile"": 1, ""China"": 1, ""Egypt"": 2, ""France"": 2, ""Germany"": 2, ""India"": 1, ""Italy"": 3, ""Japan"": 1, ""Mexico"": 1, ""Norway"": 4, ""Poland"": 2, ""Spain"": 2, ""Sweden"": 2}"
97,16,"After leaving Australia, the group spent three weeks in India. The delegation travelled from Norway to China before the summit. France and Poland signed a joint statement on trade. The documentary contrasted life in Egypt with that in Brazil. Exports from Peru rose sharply while Poland reported a decline. Spain and Argentina signed a joint statement on trade. The documentary contrasted life in Norway with that in Egypt. Researchers in France collaborated with a team based in Spain. Germany and Norway signed a joint statement on trade. After leaving Peru, the group spent three weeks in Mexico. Exports from Argentina rose sharply while India reported a decline. Exports from Brazil rose sharply while Sweden reported a decline. Poland and Brazil signed a joint statement on trade. After leaving Japan, the group spent three weeks in Brazil. Exports from Peru rose sharply while India reported a decline. Researchers in Argentina collaborated with a team based in France.","{""Argentina"": 3, ""Australia"": 1, ""Brazil"": 4, ""China"": 1, ""Egypt"": 2, ""France"": 3, ""Germany"": 1, ""India"": 3, ""Japan"": 1, ""Mexico"": 1, ""Norway"": 3, ""Peru"": 3, ""Poland"": 3, ""Spain"": 2, ""Sweden"": 1}"
98,16,"The delegation travelled from Spain to Poland before the summit. Researchers in Peru collaborated with a team based in Argentina. The documentary contrasted life in Greece with that in Egypt. Researchers in Italy collaborated with a team based in France. The documentary contrasted life in Chile with that in Italy. Researchers in Argentina collaborated with a team based in Brazil. Exports from Poland rose sharply while Norway reported a decline. Poland and India signed a joint statement on trade. Researchers in Greece collaborated with a team based in Sweden. Kenya and France signed a joint statement on trade. After leaving Greece, the group spent three weeks in Peru. The delegation travelled from Germany to India before the summit. Kenya and Argentina signed a joint statement on trade. Kenya and Canada signed a joint statement on trade. Exports from Egypt rose sharply while Japan reported a decline. The delegation travelled from Chile to Japan before the summit.","{""Argentina"": 3, ""Brazil"": 1, ""Canada"": 1, ""Chile"": 2, ""Egypt"": 2, ""France"": 2, ""Germany"": 1, ""Greece"": 3, ""India"": 2, ""Italy"": 2, ""Japan"": 2, ""Kenya"": 3, ""Norway"": 1, ""Peru"": 2, ""Poland"": 3, ""Spain"": 1, ""Sweden"": 1}"
99,16,"Italy and France signed a joint statement on trade. The documentary contrasted life in Canada with that in Poland. Exports from Egypt rose sharply while Argentina reported a decline. Egypt and Italy signed a joint statement on trade. Chile and Norway signed a joint statement on trade. Exports from Japan rose sharply while Peru reported a decline. Researchers in Norway collaborated with a team based in Spain. Chile and Sweden signed a joint statement on trade. The documentary contrasted life in Kenya with that in Germany. Kenya and Egypt signed a joint statement on trade. Researchers in Brazil collaborated with a team based in Italy. China and Mexico signed a joint statement on trade. Exports from Sweden rose sharply while Chile reported a decline. The delegation travelled from France to India before the summit. After leaving India, the group spent three weeks in Kenya. After leaving Norway, the group spent three weeks in Japan.","{""Argentina"": 1, ""Brazil"": 1, ""Canada"": 1, ""Chile"": 3, ""China"": 1, ""Egypt"": 3, ""France"": 2, ""Germany"": 1, ""India"": 2, ""Italy"": 3, ""Japan"": 2, ""Kenya"": 3, ""Mexico"": 1, ""Norway"": 3, ""Peru"": 1, ""Poland"": 1, ""Spain"": 1, ""Sweden"": 2}"
